district,district_pcode,district_geometry_name,division_geometry_name,district_geodesic_area_m2,worldcover_valid_mapped_area_m2,worldcover_permanent_water_area_m2,worldcover_valid_land_area_m2,worldcover_cropland_area_m2_2020,worldcover_built_class_area_m2_2020,worldcover_valid_coverage_share,worldcover_cropland_share_2020,ghsl_built_surface_m2_2020,ghsl_valid_allocated_area_m2,ghsl_valid_coverage_share,ghsl_built_surface_share_2020,travel_time_city_ge_50k_median_2015,accessibility_valid_area_m2,accessibility_valid_cell_count,accessibility_valid_geometry_coverage_share,accessibility_valid_land_coverage_share,gfd_raw_flooded_allocated_area_m2_before_worldcover_land_mask,gfd_ever_flooded_land_area_m2_2000_2018,gfd_raster_allocated_area_m2,gfd_flooded_pixel_count,gfd_ever_flooded_land_share_2000_2018
Bagerhat,BD4001,Bagerhat,Khulna,3646184292.3496714,3655457232.0789447,342468605.6935876,3312988626.385357,945655564.7620041,10435243.811271673,1.0025431900819521,0.285438820173,26882959.132658854,3663572992.0,1.0047690128243965,0.00811441334828534,26.0,3571606182.1974545,4823,0.9795462587262266,1.0780617095248717,1022373334.3859289,800265739.7677948,3655369746.2419796,23824,0.24155402568976714
Bandarban,BD2003,Bandarban,Chittagong,4595257845.8928795,4607368293.838133,3495779.588828831,4603872514.249304,101956297.27873453,2634053.886869771,1.002635422940647,0.02214576901579545,10802652.087620538,4617674752.0,1.004878269481038,0.002346427285765534,89.0,4606460289.444698,6129,1.0024378269789216,1.0005620866319354,0.0,0.0,4607208775.672592,332,0.0
Barguna,BD1004,Barguna,Barisal,1345650529.1614115,1348921810.2613137,68863566.16165236,1280058244.0996614,750257920.7178831,4536197.051618147,1.002431003465618,0.5861123305725692,12895496.294930212,1352108160.0,1.004798891464497,0.010074148074410752,18.0,1286731201.2494884,1796,0.9562149855143737,1.005213010564625,211593022.49375284,197310961.00357226,1349057058.9544604,8201,0.15414217432141333
Barishal,BD1006,Barisal,Barisal,2219580919.0786886,2225062966.11037,231722078.54509115,1993340887.565279,907753740.5567404,13698822.354824042,1.0024698568024981,0.45539312729670417,29105479.371449906,2230040832.0,1.0047125621018824,0.014601355720445856,15.0,2130386356.1321664,2997,0.9598146829521559,1.0687516467563551,440618185.52940094,322491521.93367195,2225063040.6364517,15690,0.16178443132602968
Bhola,BD1009,Bhola,Barisal,1948543697.138975,1953509834.5781708,256196317.119726,1697313517.4584448,796448828.8610023,5615915.900398642,1.0025486405290718,0.4692408448225899,14031922.557762688,1957846016.0,1.0047739852458446,0.008267136515105395,19.0,1721940398.9570765,2357,0.8837063297504606,1.0145093297409826,338409982.87293893,230993591.2501182,1953403605.7626579,17451,0.13609364968471335
Bogura,BD5010,Bogra,Rajshahi,2912594161.258918,2918772610.231833,196471874.6595332,2722300735.5723,1985148806.38512,35803385.968911335,1.0021212872892131,0.7292173052173051,95585818.16032842,2925304499.0,1.004363923374614,0.0351121449997455,17.0,2918247314.9654922,4021,1.0019409342303052,1.0719783001314875,1407621406.9299464,1238040674.751039,2918699564.874394,52983,0.45477733542571663
Brahmanbaria,BD2012,Brahamanbaria,Chittagong,1922681900.1620176,1927055876.338417,81467954.9948902,1845587921.3435268,1361248512.2704768,25631484.97358936,1.0022749349104658,0.7375690404819799,51461206.37628126,1931363840.0,1.0045155362607048,0.027883367560630333,5.0,1926335003.347429,2687,1.0019000039398631,1.0437514144246898,1574570544.6969724,1531547674.7703137,1926861328.272369,46613,0.8298427059792404
Chandpur,BD2013,Chandpur,Chittagong,1469436974.2192194,1472951756.808158,86848463.52007872,1386103293.2880793,629237534.1083221,9643918.477081,1.0023919246967403,0.45396150283696446,25298878.010938443,1476231680.0,1.0046240198797167,0.01825179850119617,8.0,1428272492.3775954,2011,0.9719862215502665,1.0304228402700664,291778050.49422574,261651418.91662005,1472924929.904117,12486,0.1887676194000933
Chapainawabganj,BD5070,Nawabganj,Rajshahi,1685473571.435735,1689081581.1347423,104913593.4637981,1584167987.6709442,841296780.4065471,33216964.302907534,1.0021406504143129,0.531065383819192,45004124.37408259,1692859248.0,1.0043819592839855,0.0284086818597111,20.0,1688650398.4965804,2383,1.0018848275729053,1.0659541233245389,735894142.9444727,644060329.1656724,1688993515.1528873,22242,0.40656062625818795
Chattogram,BD2015,Chittagong,Chittagong,4450859178.407481,4462124449.702373,141520353.98964363,4320604095.7127285,1200863922.1821373,112563112.62909083,1.0025310329631507,0.2779388936315032,135997176.55625066,4472054784.0,1.0047621379924454,0.03147642633843695,11.0,4378932087.149512,5849,0.9838397288310289,1.0134999620758267,439276221.2646972,373269396.1705785,4462122674.643246,14190,0.08639287189978091
Chuadanga,BD4018,Chuadanga,Khulna,1165101667.2805793,1167821682.4084992,1802781.4153357868,1166018900.9931633,674537081.1372515,18262988.503602028,1.0023345732001814,0.5784958378999779,33873779.675015055,1170407040.0,1.0045535706182653,0.029050798101268226,15.0,1167761065.89849,1632,1.002282546401395,1.0014941137779523,161847293.99878633,160691803.97048986,1167791247.442918,6051,0.13781234921116603
Cox's Bazar,BD2022,Cox's Bazar,Chittagong,2172978490.5514364,2178817583.2573586,235352880.05732906,1943464703.2000294,608781072.3452219,30029364.207833115,1.0026871378300852,0.3132452425520401,47468846.42081869,2183662080.0,1.0049165647497285,0.02442485646518737,17.0,2101117073.058694,2842,0.9669295311457472,1.0811192349411238,484471621.4297054,364891009.9927378,2178790323.654875,10363,0.18775283615489555
Cumilla,BD2019,Comilla,Chittagong,3088030491.741038,3095330312.5482,48625781.490761906,3046704531.0574384,1714880774.33537,49970517.448565856,1.0023639082666722,0.5628641559607278,110288448.0577092,3102254592.0,1.0046062046009598,0.036199259538774745,4.0,3094878437.891979,4173,1.0022175772451911,1.0158118079201532,1125487162.579168,1102586169.073704,3095122604.883999,30752,0.36189468254442864
Dhaka,BD3026,Dhaka,Dhaka,1476081470.313267,1479285768.53307,80507656.75463629,1398778111.7784338,636290126.3517746,240761194.47586814,1.0021708139315122,0.45488996503010964,141850041.8417129,1482784512.0,1.004541105502334,0.10140996677547519,0.0,1479113949.044675,2094,1.0020544114890655,1.05743286700712,832594745.7199795,771786315.9520599,1479464164.5066037,27907,0.5517575013886911
Dinajpur,BD5527,Dinajpur,Rangpur,3460164489.5983715,3467000595.397167,22014159.049180392,3444986436.3479867,2658554722.796011,122806348.52614455,1.0019756591975166,0.7717170363127269,72172035.47301798,3474756352.0,1.004217100789715,0.0209498750739719,15.0,3466433076.712756,4778,1.0018116442536846,1.0062254643845578,1336600717.3987827,1326926287.510378,3466889685.841457,60181,0.3851760557051847
Faridpur,BD3029,Faridpur,Dhaka,2043689240.7748897,2048209945.3098183,125072176.45476614,1923137768.8550522,1232037234.0578446,7137858.601881264,1.0022120312837848,0.6406390920143713,35049292.60138206,2053077632.0,1.0045938448164216,0.01822505551552284,10.0,2047543445.4471192,2834,1.0018859054475269,1.0646889050835564,1188823536.87642,1103703067.0975382,2048402625.7188082,36429,0.5739074365715526
Feni,BD2030,Feni,Chittagong,906897670.0553204,909108962.2212292,11119057.502084406,897989904.7191448,419716745.3896204,11995800.475233424,1.00243830394423,0.4673958395121279,26235657.9606174,911137664.0,1.0046752727288637,0.029215983189502404,8.0,905330467.9541879,1301,0.9982719085593892,1.008174438483625,202677156.60380113,197052865.1082254,909076917.3368366,6566,0.21943772872352682
Gaibandha,BD5532,Gaibandha,Rangpur,2166583587.7529182,2170994215.9693503,271602845.30037415,1899391370.6689763,1355867005.0929313,10271855.060063891,1.0020357526205608,0.7138428793721366,32566971.891243994,2175838720.0,1.0042717632956322,0.01714600392217941,16.0,2169798063.1579742,2999,1.0014836609227664,1.1423649157644427,1468058566.535644,1219430928.5509279,2170795300.319535,43696,0.6420114081709435
Gazipur,BD3033,Gazipur,Dhaka,1817139288.5884645,1821227142.869978,17517880.61577768,1803709262.2542002,655606685.4314535,91497074.06111236,1.0022496097614448,0.3634769190086121,87888132.48259711,1825299072.0,1.0044904556644494,0.04872632985914715,4.0,1820965434.1234639,2489,1.002105587369679,1.0095670473231908,316208144.74940825,307750903.8127261,1821204743.7295525,11667,0.1706211251740826
Gopalganj,BD3035,Gopalganj,Dhaka,1475924939.437331,1479148710.7383327,16669246.567226807,1462479464.1711059,1000806069.9793149,4253547.082571099,1.0021842379750225,0.6843214516837985,20166631.99341856,1482809856.0,1.004664814841664,0.013789343705313815,14.0,1478425640.1033044,2064,1.0016943278070272,1.0109035212615696,478474256.3646734,472510402.0737911,1479339613.5525248,15997,0.32308857228405413
Habiganj,BD6036,Habiganj,Sylhet,2582433713.034591,2588120904.619312,22915731.51519586,2565205173.104116,1720736183.140619,15467874.423620814,1.0022022604320935,0.6707986562565607,37565842.78663591,2589932160.0,1.002903635794236,0.014644381346377083,16.0,2587086785.874554,3570,1.0018018169513807,1.008530160861932,1616703101.8770428,1596999127.3892336,2588046391.4586077,46477,0.6225619471430931
Jamalpur,BD4539,Jamalpur,Mymensingh,2065676301.6910264,2069836323.936603,130126398.22390656,1939709925.7126966,1383113438.2536025,23358314.71261848,1.0020138790584814,0.7130516887701202,38943361.998081125,2074526208.0,1.0042842657882693,0.020076899892014725,12.0,2069962471.5953312,2904,1.0020749475127326,1.0671505281052664,1385900713.058297,1264291273.2530057,2069863679.6287344,48223,0.6517939906857333
Jashore,BD4041,Jessore,Khulna,2584932727.8866644,2591195849.7296095,60213763.85141294,2530982085.8781967,1488126524.5629725,36478490.6990017,1.0024229341736353,0.5879640685195227,60204819.4341905,2596989952.0,1.0046644247191658,0.02378713771626744,12.0,2590629439.6046686,3571,1.0022038143029979,1.023566881037712,645099099.5931859,597835360.8628716,2591123063.290776,24146,0.2362068717113956
Jhalokati,BD1042,Jhalokati,Barisal,738751917.2375888,740605952.438942,38288075.233530864,702317877.2054111,296570792.67869675,2536619.998162233,1.002509685806686,0.42227430385052966,7328043.526225178,742256320.0,1.0047436800915728,0.010434083716313975,15.0,720074472.6979909,1034,0.9747175687754038,1.0252828470823425,17962462.5290967,13000015.673078477,740522384.9158294,1084,0.018510159138774542
Jhenaidah,BD4044,Jhenaidah,Khulna,1956105640.6794631,1960712118.1281033,7486499.10018787,1953225619.0279155,1226415745.1481385,12362553.401515689,1.0023549226344646,0.6278925144134159,31532823.118056588,1965059072.0,1.0045771716692289,0.01614397374828101,15.0,1958930347.0544276,2720,1.0014440459227874,1.0029206702855717,436995293.3742075,433501642.99461305,1960460640.023037,16270,0.22194140747056085
Joypurhat,BD5038,Joypurhat,Rajshahi,960249724.6528069,962240282.1204597,254470.90903914158,961985811.2114205,741799168.0650117,16558047.529198866,1.0020729581238594,0.7711123796419309,27313884.48201903,964386688.0,1.004308216124393,0.028393230091016505,18.0,960924507.256552,1364,1.000702715748228,0.9988967571636717,482812300.82550585,482778503.13324314,962240028.3221061,15930,0.5018561578629567
Khagrachhari,BD2046,Khagrachhari,Chittagong,2855544419.5098424,2862426197.9369926,696465.6092678803,2861729732.327725,226920038.94304705,3119786.7814258146,1.0024099707152625,0.07929471339645718,20449044.531439938,2868828416.0,1.0046520013484637,0.007145693843983907,54.0,2860830014.024996,3864,1.0018509936245574,0.9996856033284467,12944145.9055065,12636888.649404317,2861937789.1135283,1801,0.004415821839026531
Khulna,BD4047,Khulna,Khulna,3625144095.152934,3634302067.616443,558593400.6078143,3075708667.008629,1146197848.7390242,38781259.96336639,1.002526236812422,0.37266138403602206,42436300.39778385,3642411264.0,1.0047631675855735,0.013797243169671375,37.0,3516551086.6315346,4778,0.9700444987368652,1.1433303564643722,1348378435.9914439,982646298.7504505,3634160102.2236233,39742,0.31948614291422867
Kishoreganj,BD3048,Kishoreganj,Dhaka,2564920362.224455,2570565321.3548822,108889657.19200139,2461675664.162881,1787839063.94913,16742478.421466187,1.0022008321246791,0.7262691385288987,38705333.49788529,2576290608.0,1.0044329819915672,0.015723165346823807,9.0,2566766772.6848316,3517,1.0007198704831426,1.0426908833084183,1802034955.0095916,1739387564.0153203,2570548571.106948,50509,0.7065868137453508
Kurigram,BD5549,Kurigram,Rangpur,2275724012.6738772,2280152412.346456,430789648.72479284,1849362763.621663,1192651686.7893782,16441424.220123626,1.0019459300195965,0.6448987241712233,37457398.298085794,2285252608.0,1.0041870610289545,0.02025421893146147,25.0,2279955887.4074326,3262,1.001859572913933,1.2328332397817539,1825678989.3783953,1444792343.8509684,2280151945.4361973,53360,0.781237933558037
Kushtia,BD4050,Kushtia,Khulna,1614728442.1963608,1618409830.967921,103167927.00480059,1515241903.9631205,927512377.9266663,19503637.251910962,1.0022798810470896,0.6121216523254501,46466637.59914401,1622002816.0,1.0045050137308194,0.030666151376628616,10.0,1616273813.9228249,2265,1.000957047442827,1.0666770828443004,363645598.6670001,287433574.2319569,1618378197.4828632,15314,0.18969484244078347
Lakshmipur,BD2051,Lakshmipur,Chittagong,1243732385.6424136,1246787578.8201118,113776959.75974457,1133010619.060367,458844786.81289834,4706582.395094918,1.002456471515068,0.40497836392162795,15681437.615878694,1249573632.0,1.0046965459973685,0.013840503656429705,10.0,1222371287.969702,1696,0.9828250048649508,1.0788701071340743,293316340.23742586,216681874.20458815,1246685977.2223194,9402,0.19124434542748384
Lalmonirhat,BD5552,Lalmonirhat,Rangpur,1274913825.9380128,1277331023.14525,66889250.2334238,1210441772.9118264,836582691.785573,8836479.272212908,1.0018959690906628,0.6911383186760799,21275943.017959062,1280174336.0,1.0041261691221497,0.017577006588906686,14.0,1275467949.442322,1956,1.00043463604601,1.0537210281284901,519555112.1637683,456001147.7295338,1277287896.3388033,27747,0.37672291053916795
Madaripur,BD3054,Madaripur,Dhaka,1135273600.7925944,1137999678.9807937,80116125.6910643,1057883553.2897294,662944116.7303547,6538523.171736212,1.0024012521618542,0.626670217784159,18189619.503881417,1140444160.0,1.004554460883963,0.017194349460596735,8.0,1137052930.419486,1613,1.001567313487823,1.074837515796102,629540020.1895332,563603581.7466046,1137807017.3660154,23476,0.5327652367729426
Magura,BD4055,Magura,Khulna,1048764438.258149,1051242162.6004633,18627412.602769226,1032614749.997694,675816360.3374836,3540201.817812127,1.0023625175033866,0.6544709537985903,14928505.226050664,1053555200.0,1.004568005518768,0.014456993981621898,15.0,1051082533.8244946,1457,1.0022103109924243,1.0178844857937985,347799859.54662204,339964399.33114755,1051127386.7375587,11394,0.3292267511498424
Manikganj,BD3056,Manikganj,Dhaka,1374276717.0707786,1377247886.655789,198504390.02904364,1178743496.6267452,777557984.4283884,6456194.884249839,1.0021619878646735,0.6596498616141301,27707820.715974092,1380489728.0,1.00452093152132,0.023506234219121132,7.0,1376827809.955666,1922,1.0018563167469832,1.168047004200478,1138773538.2143896,992567834.5554322,1377419033.3726592,35625,0.8420558309724728
Meherpur,BD4057,Meherpur,Khulna,722524678.154835,724187993.1180205,1501361.7111367981,722686631.4068837,464826547.53409433,22476882.755597215,1.0023020874074964,0.6431923981064896,21010254.182021398,725736064.0,1.0044446728842067,0.02907242678769341,13.0,720269304.5139236,1026,0.9968784822039974,0.9966550828700759,70024930.25018509,69788418.73209153,724188334.4811555,2764,0.09656802229236143
Moulvibazar,BD6058,Maulvibazar,Sylhet,2678809887.4722843,2684656187.874529,34192262.75375764,2650463925.1207714,1154751179.3158092,10514652.137725588,1.0021824245272446,0.43567888940921606,41254595.10215489,2690658048.0,1.0044229195147907,0.015565046824878054,20.0,2683638889.9989414,3689,1.0018026671281304,1.0125166634277651,783911278.7345637,770773509.4288589,2684644637.755486,29763,0.2908070176407844
Munshiganj,BD3059,Munshiganj,Dhaka,932678806.7820147,934869417.1540303,100307018.55546632,834562398.598564,520233569.46629417,17299717.65118672,1.002348729654932,0.6233609018809073,24844598.76293426,936946688.0,1.0045759388837305,0.029769611960297353,3.0,934352962.8730175,1321,1.0017949974619655,1.119572322503418,404028231.53629184,352768963.948261,934650055.8059509,14746,0.4226993266658635
Mymensingh,BD4561,Mymensingh,Mymensingh,4348480101.5921,4357801091.970005,29627632.802080445,4328173459.167925,2768624894.1111927,46913410.30224626,1.0021435053536274,0.6396751239825427,100072521.71756122,4367544704.0,1.0043841990678353,0.02312119018834328,10.0,4357292741.17347,5923,1.0020266022553819,1.0067278454249249,1073145589.9641445,1050221247.752018,4357741842.414771,38936,0.2426476798261036
Naogaon,BD5064,Naogaon,Rajshahi,3443903128.041621,3451162288.116808,27281521.951088488,3423880766.1657195,2622332475.5697503,39852441.29956022,1.0021078293451635,0.7658948002755381,87337299.27661318,3458879120.0,1.0043485520357522,0.025508277081277883,26.0,3451113853.4144673,4736,1.002093765447156,1.0079538655428253,1886265253.8696947,1868372377.2988691,3451018406.379685,55785,0.545688505207847
Narail,BD4065,Narail,Khulna,995743562.8349694,998148181.2531755,38035283.465284765,960112897.7878907,623348725.5614458,3558366.40596447,1.0024148972767244,0.6492452366775275,16096291.513335973,1000384256.0,1.0046605304199188,0.016764998731317933,16.0,996633085.4900048,1409,1.000893325036923,1.0380373889219248,207160233.63627166,193756556.94639778,998146664.7546608,7434,0.20180601405607065
Narayanganj,BD3067,Narayanganj,Dhaka,703546692.5872374,705173899.5638891,65679227.37220486,639494672.1916842,306065715.9342125,80205145.78735566,1.0023128628046958,0.4786055760015329,56835571.13480243,706676032.0,1.0044479484385815,0.08887575394493098,0.0,702361660.3458067,1011,0.9983156309966112,1.098307289939827,284879087.294278,257123623.39784992,705049455.2603109,10230,0.4020731283290173
Narsingdi,BD3068,Narsingdi,Dhaka,1167789177.9529,1170435821.36943,70492604.74576592,1099943216.6236641,545115516.1937077,20435040.666292742,1.00226637090538,0.49558514290125777,30471597.10329252,1173055744.0,1.004509860295445,0.02770288196951362,3.0,1170263711.9672062,1645,1.0021189903631784,1.0639310232389947,421615020.76552296,390766702.83225596,1170424249.5326335,16527,0.3552607961270362
Natore,BD5069,Natore,Rajshahi,1904364965.131077,1908554672.3320093,27417971.73393793,1881136700.5980713,1253552841.2997327,12104458.523545934,1.002200054757174,0.6663805139207531,45757678.81307352,1912826624.0,1.0044432968595074,0.024324483594693434,15.0,1907460296.533871,2663,1.0016253877063848,1.0139934518992855,866361859.0310974,842066290.0064247,1908466923.9857917,28161,0.4476369472450917
Netrakona,BD4572,Netrakona,Mymensingh,2804365106.387535,2810290694.125778,52674416.44693557,2757616277.6788425,2054829938.7025294,17854527.600168336,1.0021129872585943,0.7451471603700183,40534843.01143598,2816551936.0,1.0043456644017952,0.014699232572544579,16.0,2810286021.641469,3881,1.0021113211116655,1.0190997363878922,1970759690.3645487,1929974839.2052255,2810256915.1205344,61501,0.6998707016734524
Nilphamari,BD5573,Nilphamari,Rangpur,1587900423.983919,1590922365.02075,32104729.404111087,1558817635.616639,1110799909.3476973,22063167.78658104,1.0019031048743279,0.7125913153454193,28342745.100268576,1594466816.0,1.0041352668699506,0.018182207111774637,15.0,1588139058.233348,2216,1.0001502828803523,1.0188100403451683,494063291.68468183,465133654.5541823,1590864101.3707662,16006,0.2983887556354109
Noakhali,BD2075,Noakhali,Chittagong,2678484912.1274867,2685152830.2812953,213611722.35705072,2471541107.9242444,1130815349.2924054,14767394.56092687,1.0024894365182413,0.4575345098112227,37405164.76110019,2691158784.0,1.0047317316648412,0.015134348622069005,12.0,2505364136.1017694,3404,0.9353661559780041,1.0136849951914948,628415225.4243119,515549538.62075496,2684969567.6730013,19740,0.20859436121365826
Pabna,BD5076,Pabna,Rajshahi,2389393130.4675975,2394786832.0050592,121547191.96846798,2273239640.036591,1489785352.027674,18521571.664077263,1.0022573520734974,0.6553578099683735,53391765.09674687,2400148992.0,1.004501503496956,0.023487081676917904,12.0,2384837972.2185316,3236,0.9980935919707049,1.049092198735433,1255618985.8975759,1156840422.3841338,2394754834.071172,43824,0.5088950597243292
Panchagarh,BD5577,Panchagarh,Rangpur,1363120603.1646652,1365647122.9675875,8557088.185448179,1357090034.7821393,962750317.497505,15433790.359401014,1.0018534822209104,0.7094225827485796,21216739.16917041,1368700160.0,1.0040932231692348,0.015633995258521254,16.0,1360726840.06528,2002,0.9982439095309484,1.0026798555659018,178245671.6042603,176947016.5855911,1365326260.8482237,6749,0.13038708711319758
Patuakhali,BD1078,Patuakhali,Barisal,2617407769.0263042,2624141817.8336716,212491796.72415107,2411650021.1095204,1453544036.6757677,8702925.90706139,1.0025727931608732,0.602717651380875,21990046.259852283,2630016000.0,1.0048170679108155,0.00911825765238332,20.0,2437253484.5363126,3325,0.9311707229489081,1.0106165750430955,518815880.0899638,463781907.1333283,2624040145.160449,14571,0.19230895987136543
Pirojpur,BD1079,Pirojpur,Barisal,1269846386.1921248,1272430960.8003707,106725536.82357141,1165705423.9767992,500788258.62556744,3090311.5939320605,1.0020353443033343,0.42960103669856003,9891840.854811348,1275881472.0,1.004752610924832,0.0084857123003386,21.0,1225897830.6485224,1744,0.9653906519548474,1.0516360355143386,86936750.55439724,73760818.15167062,1272823440.6625154,4045,0.06327569267031108
Rajbari,BD3082,Rajbari,Dhaka,1139236342.8251204,1141871996.2686076,117073982.23891127,1024798014.0296963,625245848.5450194,4892997.569075709,1.0023135264777028,0.6101161789789545,17215821.108091526,1144419328.0,1.0045495258359003,0.016799233480552636,10.0,1140923821.580896,1592,1.001481236765666,1.1133158007347919,508704756.6745646,423078083.0708678,1141748144.7440944,19993,0.41284045956260795
Rajshahi,BD5081,Rajshahi,Rajshahi,2438427372.3709836,2443755554.434396,130196582.67582765,2313558971.7585683,1381883589.9942675,43080064.803326905,1.0021850895063695,0.5972977593667641,82640935.50616418,2443002944.0,1.0018764436787664,0.03572026324591487,15.0,2443459121.163192,3365,1.002063522108233,1.0561473258258398,1137341758.6623232,1036408005.7729135,2443328143.542389,34345,0.44797129376180345
Rangamati,BD2084,Rangamati,Chittagong,5762959173.531272,5777173794.117326,303300532.7075217,5473873261.409804,202370171.5116532,3134246.3309937078,1.0024665488958069,0.03697019675964008,23844296.677690282,5790098432.0,1.0047092574581087,0.004356019136539005,174.0,5777138940.475414,7767,1.0024605010233751,1.0554023932566359,279726240.66261905,213026790.2160856,5777157060.683334,6921,0.038917011783575754
Rangpur,BD5585,Rangpur,Rangpur,2343984756.648338,2348607188.3883,28060338.465367116,2320546849.9229326,1615982794.8549528,31454587.2538533,1.0019720400172618,0.6963801635414605,54602305.73728618,2353863168.0,1.0042143667204506,0.023529930343401416,12.0,2348482350.708279,3242,1.0019187812749997,1.0120383265635315,1110036480.645847,1083621276.719761,2348532041.9207253,39225,0.4669680669260131
Satkhira,BD4087,Satkhira,Khulna,3390402862.5498776,3399018092.742612,789840089.4215528,2609178003.321059,960431194.9980304,16429071.488955121,1.0025410638623207,0.36809722976951276,31090044.14799262,3406569984.0,1.0047684956937428,0.011915647038423615,23.0,3327064618.080205,4529,0.9813183721706639,1.275138995440477,1413711392.5962942,810871504.1246886,3398583423.24203,41704,0.3107766135896367
Shariatpur,BD3086,Shariatpur,Dhaka,1186196068.417177,1189038187.6823955,156701057.24368078,1032337130.4387147,615776818.1422927,4755167.645688417,1.0023959945078986,0.596488104501874,18165572.39368014,1191650432.0,1.0045981973200275,0.01759655044661648,10.0,1185596440.1635041,1650,0.9994944948228728,1.1484585850938622,710350562.0332822,609416071.9988947,1188924717.4006991,20589,0.5903266036163106
Sherpur,BD4589,Sherpur,Mymensingh,1326036541.8527212,1328788154.701048,8132870.15775939,1320655284.5432885,935599484.1528629,6630700.037075814,1.0020750656271373,0.708435800850495,19351036.59772545,1331750272.0,1.0043088783505887,0.014652602252992508,12.0,1328009429.7012496,1828,1.001487808055253,1.005568557703159,542016117.310501,536924060.1855438,1328508904.5910082,13370,0.4065588245998833
Sirajganj,BD5088,Sirajganj,Rajshahi,2494301919.543071,2499783374.3210435,366031377.38457084,2133751996.9364727,1555815322.8599477,15697915.922365293,1.002197590730707,0.7291453388649217,56399700.678509526,2505260096.0,1.0043932838968173,0.02643217241717182,16.0,2496583633.1200943,3421,1.0009147704049561,1.1700439585783895,2272943901.846586,1951136951.7772663,2499643534.5657854,65701,0.9144159933200319
Sunamganj,BD6090,Sunamganj,Sylhet,3693583734.6570354,3701343440.0290203,153763829.962429,3547579610.0665913,2228621114.621438,10070461.51800017,1.0021008608249964,0.6282089084900352,31809849.556846943,3709624832.0,1.0043429629582918,0.008966634453130664,26.0,3701265887.388162,5051,1.0020798642410742,1.04332144566551,3295212542.202426,3179564281.1094656,3701234267.6313076,86290,0.8962629822561705
Sylhet,BD6091,Sylhet,Sylhet,3417924658.131698,3425116256.0066957,71529412.55137421,3353586843.4553213,2016817352.0544267,27197750.9322988,1.0021040832067167,0.6013911212677668,57801932.81852771,3432764416.0,1.0043417451677865,0.017235853883232767,20.0,3422688690.2772326,4664,1.0013938376711142,1.0206053548178622,2438604610.29719,2397057135.058942,3424957762.1015472,59184,0.7147741349644512
Tangail,BD3093,Tangail,Dhaka,3366374056.589705,3373655065.132455,115243188.31411631,3258411876.8183384,1826448878.517208,25276624.856249124,1.00216286378767,0.5605334584959333,78865993.05393325,3381342208.0,1.0044463720188774,0.024203813402172345,9.0,3373595390.48709,4545,1.0021451371047876,1.035349586861076,1598386183.7904162,1494802448.250804,3373519323.6073685,42840,0.4587518413143022
Thakurgaon,BD5594,Thakurgaon,Rangpur,1814206025.5296772,1817669979.2483234,1602267.5318047656,1816067711.7165186,1391158036.524506,34599420.41136012,1.0019093496934202,0.766027625263821,35588423.907925166,1821738496.0,1.0041519377426407,0.01959641905327833,19.0,1815635272.5256128,2545,1.000787808537632,0.9997618815707608,54242487.80223117,54201956.85142307,1817582616.1634464,2215,0.02984577970399145
