sample,candidate_universe,validation_scheme,model,n_events_evaluated,n_folds_evaluated,all_folds_converged,selected_lambda_median,selected_lambda_min,selected_lambda_max,mean_log_loss,top1_accuracy,top3_accuracy,top5_accuracy,mean_rank,mean_reciprocal_rank,gravity_mean_log_loss,log_loss_improvement_vs_gravity
household_relocation,full_64,household_grouped_5fold,gravity_mle_disk_within,264,5,True,0.0,0.0,0.0,1.7117888082880934,0.5984848484848485,0.8257575757575758,0.8636363636363636,3.3106060606060606,0.7209301702379659,1.7117888082880934,0.0
household_relocation,full_64,household_grouped_5fold,gis_joint_ridge,264,5,True,0.1,0.1,1.0,1.6165036925859786,0.5984848484848485,0.8484848484848485,0.875,3.1742424242424243,0.7306906464026902,1.7117888082880934,0.09528511570211484
household_relocation,full_64,household_grouped_5fold,gis_joint_unpenalized,264,5,True,0.0,0.0,0.0,1.613516057105118,0.5984848484848485,0.8522727272727273,0.875,3.2083333333333335,0.731643239299973,1.7117888082880934,0.09827275118297552
household_relocation,full_64,household_grouped_5fold,radiation_adapted,264,5,True,0.0,0.0,0.0,1.8800951537043642,0.4356060606060606,0.803030303030303,0.821969696969697,3.640151515151515,0.6353853233005983,1.7117888082880934,-0.16830634541627076
household_relocation,interdistrict_63,household_grouped_5fold,gravity_mle_disk_within,107,5,True,0.0,0.0,0.0,2.518454077508641,0.40186915887850466,0.6542056074766355,0.7009345794392523,5.542056074766355,0.549669250181451,2.518454077508641,0.0
household_relocation,interdistrict_63,household_grouped_5fold,gis_joint_ridge,107,5,True,0.01,0.001,1.0,2.2238992401479805,0.411214953271028,0.6542056074766355,0.8317757009345794,5.97196261682243,0.5802658323537225,2.518454077508641,0.29455483736066057
household_relocation,interdistrict_63,household_grouped_5fold,gis_joint_unpenalized,107,5,True,0.0,0.0,0.0,2.2801221756564996,0.40186915887850466,0.6448598130841121,0.8317757009345794,5.906542056074766,0.5748945653586623,2.518454077508641,0.23833190185214148
household_relocation,interdistrict_63,household_grouped_5fold,radiation_adapted,107,5,True,0.0,0.0,0.0,2.6338118273242004,0.42990654205607476,0.5607476635514018,0.6448598130841121,6.121495327102804,0.5351743138081062,2.518454077508641,-0.11535774981555935
household_relocation,full_64,household_grouped_5fold,nested_gravity,264,5,True,0.0,0.0,0.0,1.6999678364817392,0.5984848484848485,0.8257575757575758,0.8712121212121212,3.242424242424242,0.7220268875283697,1.7117888082880934,0.011820971806354219
household_relocation,full_64,household_grouped_5fold,nested_gis_ridge,264,5,True,0.01,0.001,1.0,1.5868283451364782,0.5946969696969697,0.8409090909090909,0.9242424242424242,3.4204545454545454,0.7277701407536765,1.7117888082880934,0.12496046315161524
household_relocation,full_64,location_grouped_5fold,gravity_mle_disk_within,264,5,True,0.0,0.0,0.0,1.7255898511548569,0.5984848484848485,0.7992424242424242,0.8636363636363636,3.287878787878788,0.7192846967846968,1.7255898511548569,0.0
household_relocation,full_64,location_grouped_5fold,gis_joint_ridge,264,5,True,0.1,0.1,1.0,1.7135064195538614,0.5984848484848485,0.8333333333333334,0.8674242424242424,3.2196969696969697,0.7261823103985536,1.7255898511548569,0.012083431600995453
household_relocation,full_64,location_grouped_5fold,gis_joint_unpenalized,264,5,True,0.0,0.0,0.0,1.7118886845874481,0.5984848484848485,0.8333333333333334,0.875,3.2045454545454546,0.7264634369374202,1.7255898511548569,0.013701166567408718
household_relocation,full_64,location_grouped_5fold,radiation_adapted,264,5,True,0.0,0.0,0.0,1.880095153704364,0.4356060606060606,0.803030303030303,0.821969696969697,3.640151515151515,0.6353853233005983,1.7255898511548569,-0.15450530254950712
household_relocation,interdistrict_63,location_grouped_5fold,gravity_mle_disk_within,107,5,True,0.0,0.0,0.0,2.618384693764596,0.40186915887850466,0.6635514018691588,0.7009345794392523,5.5046728971962615,0.5526497638139247,2.618384693764596,0.0
household_relocation,interdistrict_63,location_grouped_5fold,gis_joint_ridge,107,5,True,0.01,0.001,0.1,2.3268594710018724,0.37383177570093457,0.6542056074766355,0.7663551401869159,5.719626168224299,0.5527637977357208,2.618384693764596,0.2915252227627234
household_relocation,interdistrict_63,location_grouped_5fold,gis_joint_unpenalized,107,5,True,0.0,0.0,0.0,2.325475598905771,0.37383177570093457,0.6355140186915887,0.7663551401869159,5.682242990654205,0.5512352345419241,2.618384693764596,0.29290909485882466
household_relocation,interdistrict_63,location_grouped_5fold,radiation_adapted,107,5,True,0.0,0.0,0.0,2.6338118273242004,0.42990654205607476,0.5607476635514018,0.6448598130841121,6.121495327102804,0.5351743138081062,2.618384693764596,-0.015427133559604567
household_relocation,full_64,location_grouped_5fold,nested_gravity,264,5,True,0.0,0.0,0.0,1.7565135830437806,0.5984848484848485,0.8295454545454546,0.875,3.227272727272727,0.7227181596978248,1.7255898511548569,-0.030923731888923722
household_relocation,full_64,location_grouped_5fold,nested_gis_ridge,264,5,True,0.01,0.001,0.1,1.6711726835752638,0.5946969696969697,0.8295454545454546,0.8977272727272727,3.3181818181818183,0.7232175440380898,1.7255898511548569,0.05441716757959303
household_relocation,full_64,leave_one_origin_out,gravity_mle_disk_within,264,7,True,0.0,0.0,0.0,1.7670636087487575,0.45075757575757575,0.8143939393939394,0.8636363636363636,3.4393939393939394,0.6439452908202907,1.7670636087487575,0.0
household_relocation,full_64,leave_one_origin_out,gis_joint_ridge,264,7,True,0.1,0.01,1.0,2.045401855781383,0.2765151515151515,0.6818181818181818,0.7613636363636364,4.143939393939394,0.5225414631583982,1.7670636087487575,-0.27833824703262566
household_relocation,full_64,leave_one_origin_out,gis_joint_unpenalized,264,7,True,0.0,0.0,0.0,2.062020453827257,0.2765151515151515,0.6818181818181818,0.7613636363636364,4.136363636363637,0.5225536600085398,1.7670636087487575,-0.2949568450784996
household_relocation,full_64,leave_one_origin_out,radiation_adapted,264,7,True,0.0,0.0,0.0,1.880095153704364,0.4356060606060606,0.803030303030303,0.821969696969697,3.640151515151515,0.6353853233005983,1.7670636087487575,-0.11303154495560652
household_relocation,interdistrict_63,leave_one_origin_out,gravity_mle_disk_within,107,6,True,0.0,0.0,0.0,2.7734705365227272,0.17757009345794392,0.6448598130841121,0.6728971962616822,5.953271028037383,0.42559287830134085,2.7734705365227272,0.0
household_relocation,interdistrict_63,leave_one_origin_out,gis_joint_ridge,107,6,True,0.055,0.001,0.1,2.4969873641113813,0.411214953271028,0.6261682242990654,0.7289719626168224,5.878504672897196,0.5658311469806542,2.7734705365227272,0.2764831724113459
household_relocation,interdistrict_63,leave_one_origin_out,gis_joint_unpenalized,107,6,True,0.0,0.0,0.0,2.513850155461669,0.411214953271028,0.6261682242990654,0.7757009345794392,5.794392523364486,0.5683975317900297,2.7734705365227272,0.2596203810610582
household_relocation,interdistrict_63,leave_one_origin_out,radiation_adapted,107,6,True,0.0,0.0,0.0,2.6338118273242004,0.42990654205607476,0.5607476635514018,0.6448598130841121,6.121495327102804,0.5351743138081062,2.7734705365227272,0.13965870919852685
household_relocation,full_64,leave_one_origin_out,nested_gravity,264,7,True,0.0,0.0,0.0,1.90996705160837,0.45075757575757575,0.8106060606060606,0.8636363636363636,3.5568181818181817,0.630066871075643,1.7670636087487575,-0.14290344285961254
household_relocation,full_64,leave_one_origin_out,nested_gis_ridge,264,7,True,0.01,0.001,0.1,2.0906430283919417,0.4810606060606061,0.7196969696969697,0.7765151515151515,4.265151515151516,0.6246614211644338,1.7670636087487575,-0.32357941964318426
household_relocation,full_64,temporal_w12plus_holdout,gravity_mle_disk_within,181,1,True,0.0,0.0,0.0,1.6570321959577874,0.6132596685082873,0.7955801104972375,0.856353591160221,3.18232044198895,0.7266714611177738,1.6570321959577874,0.0
household_relocation,full_64,temporal_w12plus_holdout,gis_joint_ridge,181,1,True,1.0,1.0,1.0,1.5385229027327907,0.6132596685082873,0.8176795580110497,0.861878453038674,3.0828729281767955,0.7311486917011779,1.6570321959577874,0.1185092932249967
household_relocation,full_64,temporal_w12plus_holdout,gis_joint_unpenalized,181,1,True,0.0,0.0,0.0,1.5209515486178247,0.6132596685082873,0.856353591160221,0.861878453038674,2.9668508287292816,0.7387399609157388,1.6570321959577874,0.13608064733996272
household_relocation,full_64,temporal_w12plus_holdout,radiation_adapted,181,1,True,0.0,0.0,0.0,1.8704813012292567,0.425414364640884,0.8066298342541437,0.8176795580110497,3.6464088397790055,0.6309819037225934,1.6570321959577874,-0.21344910527146932
household_relocation,interdistrict_63,temporal_w12plus_holdout,gravity_mle_disk_within,72,1,True,0.0,0.0,0.0,2.479269693373843,0.4027777777777778,0.6527777777777778,0.6805555555555556,5.430555555555555,0.5492251528664573,2.479269693373843,0.0
household_relocation,interdistrict_63,temporal_w12plus_holdout,gis_joint_ridge,72,1,True,0.1,0.1,0.1,2.1012168490142056,0.4027777777777778,0.6805555555555556,0.7777777777777778,4.944444444444445,0.5793745727956254,2.479269693373843,0.3780528443596376
household_relocation,interdistrict_63,temporal_w12plus_holdout,gis_joint_unpenalized,72,1,True,0.0,0.0,0.0,2.082088613140802,0.4027777777777778,0.6666666666666666,0.7777777777777778,4.805555555555555,0.5831384015594542,2.479269693373843,0.39718108023304133
household_relocation,interdistrict_63,temporal_w12plus_holdout,radiation_adapted,72,1,True,0.0,0.0,0.0,2.646317231244944,0.4305555555555556,0.5416666666666666,0.6388888888888888,6.208333333333333,0.5321496083648862,2.479269693373843,-0.16704753787110072
household_relocation,full_64,temporal_w12plus_holdout,nested_gravity,181,1,True,0.0,0.0,0.0,1.644927621589308,0.6132596685082873,0.8342541436464088,0.861878453038674,3.149171270718232,0.7305136542778299,1.6570321959577874,0.012104574368479337
household_relocation,full_64,temporal_w12plus_holdout,nested_gis_ridge,181,1,True,0.1,0.1,0.1,1.5147096758032654,0.6022099447513812,0.856353591160221,0.8784530386740331,2.9668508287292816,0.7329554983671263,1.6570321959577874,0.14232252015452196
household_lagged_shock_yes,full_64,household_grouped_5fold,gravity_mle_disk_within,184,5,True,0.0,0.0,0.0,1.6303126185338768,0.6141304347826086,0.8369565217391305,0.8695652173913043,3.0760869565217392,0.7337983197358197,1.6303126185338768,0.0
household_lagged_shock_yes,full_64,household_grouped_5fold,gis_joint_ridge,184,5,True,0.1,0.1,1.0,1.5222316949557362,0.6141304347826086,0.8478260869565217,0.9021739130434783,2.972826086956522,0.7426422244888691,1.6303126185338768,0.10808092357814059
household_lagged_shock_yes,full_64,household_grouped_5fold,gis_joint_unpenalized,184,5,True,0.0,0.0,0.0,1.5214784163284292,0.6141304347826086,0.8478260869565217,0.9021739130434783,2.9510869565217392,0.7427508511650892,1.6303126185338768,0.1088342022054476
household_lagged_shock_yes,full_64,household_grouped_5fold,radiation_adapted,184,5,True,0.0,0.0,0.0,1.765162072602827,0.4076086956521739,0.8260869565217391,0.8369565217391305,3.2934782608695654,0.6321112437682196,1.6303126185338768,-0.13484945406895021
household_lagged_shock_yes,interdistrict_63,household_grouped_5fold,gravity_mle_disk_within,71,5,True,0.0,0.0,0.0,2.484221856900892,0.4084507042253521,0.6619718309859155,0.676056338028169,5.197183098591549,0.5595002423295522,2.484221856900892,0.0
household_lagged_shock_yes,interdistrict_63,household_grouped_5fold,gis_joint_ridge,71,5,True,0.1,0.001,1.0,2.1572887762777655,0.4225352112676056,0.676056338028169,0.8591549295774648,5.774647887323944,0.5942204613885765,2.484221856900892,0.3269330806231263
household_lagged_shock_yes,interdistrict_63,household_grouped_5fold,gis_joint_unpenalized,71,5,True,0.0,0.0,0.0,2.2244147624380592,0.4225352112676056,0.6619718309859155,0.8591549295774648,5.732394366197183,0.5907589942988178,2.484221856900892,0.25980709446283257
household_lagged_shock_yes,interdistrict_63,household_grouped_5fold,radiation_adapted,71,5,True,0.0,0.0,0.0,2.434101475881044,0.4788732394366197,0.5774647887323944,0.6901408450704225,5.408450704225352,0.5741656882501953,2.484221856900892,0.05012038101984784
household_lagged_shock_yes,full_64,household_grouped_5fold,nested_gravity,184,5,True,0.0,0.0,0.0,1.6399039975782403,0.6141304347826086,0.842391304347826,0.875,3.005434782608696,0.7355821322397409,1.6303126185338768,-0.00959137904436358
household_lagged_shock_yes,full_64,household_grouped_5fold,nested_gis_ridge,184,5,True,0.1,0.001,1.0,1.5062992628541558,0.6141304347826086,0.8532608695652174,0.9456521739130435,3.2282608695652173,0.7435720826792256,1.6303126185338768,0.12401335567972094
household_lagged_shock_yes,full_64,location_grouped_5fold,gravity_mle_disk_within,184,5,True,0.0,0.0,0.0,1.6441847004043364,0.6141304347826086,0.8206521739130435,0.8695652173913043,3.125,0.7314275876343304,1.6441847004043364,0.0
household_lagged_shock_yes,full_64,location_grouped_5fold,gis_joint_ridge,184,5,True,0.1,0.1,0.1,1.6180627917702535,0.6141304347826086,0.842391304347826,0.8858695652173914,3.0760869565217392,0.7398278943115899,1.6441847004043364,0.026121908634082924
household_lagged_shock_yes,full_64,location_grouped_5fold,gis_joint_unpenalized,184,5,True,0.0,0.0,0.0,1.6248354440526807,0.6141304347826086,0.842391304347826,0.8858695652173914,3.0652173913043477,0.7401495906277403,1.6441847004043364,0.01934925635165574
household_lagged_shock_yes,full_64,location_grouped_5fold,radiation_adapted,184,5,True,0.0,0.0,0.0,1.765162072602827,0.4076086956521739,0.8260869565217391,0.8369565217391305,3.2934782608695654,0.6321112437682197,1.6441847004043364,-0.12097737219849058
household_lagged_shock_yes,interdistrict_63,location_grouped_5fold,gravity_mle_disk_within,71,5,True,0.0,0.0,0.0,2.625019951442343,0.4084507042253521,0.647887323943662,0.6901408450704225,5.450704225352113,0.556972384734334,2.625019951442343,0.0
household_lagged_shock_yes,interdistrict_63,location_grouped_5fold,gis_joint_ridge,71,5,True,0.01,0.001,0.1,2.4007153683456823,0.39436619718309857,0.704225352112676,0.7464788732394366,5.647887323943662,0.5745292840213426,2.625019951442343,0.2243045830966608
household_lagged_shock_yes,interdistrict_63,location_grouped_5fold,gis_joint_unpenalized,71,5,True,0.0,0.0,0.0,2.381905912293116,0.39436619718309857,0.704225352112676,0.7464788732394366,5.52112676056338,0.5763139442716907,2.625019951442343,0.24311403914922725
household_lagged_shock_yes,interdistrict_63,location_grouped_5fold,radiation_adapted,71,5,True,0.0,0.0,0.0,2.434101475881044,0.4788732394366197,0.5774647887323944,0.6901408450704225,5.408450704225352,0.5741656882501953,2.625019951442343,0.19091847556129915
household_lagged_shock_yes,full_64,location_grouped_5fold,nested_gravity,184,5,True,0.0,0.0,0.0,1.7294249700190454,0.6141304347826086,0.842391304347826,0.875,3.1032608695652173,0.7348815563883938,1.6441847004043364,-0.08524026961470899
household_lagged_shock_yes,full_64,location_grouped_5fold,nested_gis_ridge,184,5,True,0.01,0.001,0.1,1.6252058846637782,0.6141304347826086,0.8586956521739131,0.8913043478260869,3.1793478260869565,0.7400901829770116,1.6441847004043364,0.018978815740558153
household_lagged_shock_yes,full_64,leave_one_origin_out,gravity_mle_disk_within,184,7,True,0.0,0.0,0.0,1.686899657614474,0.6141304347826086,0.8260869565217391,0.8695652173913043,3.0652173913043477,0.7311068558882832,1.686899657614474,0.0
household_lagged_shock_yes,full_64,leave_one_origin_out,gis_joint_ridge,184,7,True,0.1,0.01,1.0,1.8134048744369797,0.5271739130434783,0.7391304347826086,0.7934782608695652,3.5,0.6638553085470252,1.686899657614474,-0.12650521682250582
household_lagged_shock_yes,full_64,leave_one_origin_out,gis_joint_unpenalized,184,7,True,0.0,0.0,0.0,1.8374792881812112,0.5271739130434783,0.7391304347826086,0.7934782608695652,3.4565217391304346,0.6659069239303793,1.686899657614474,-0.1505796305667373
household_lagged_shock_yes,full_64,leave_one_origin_out,radiation_adapted,184,7,True,0.0,0.0,0.0,1.7651620726028272,0.4076086956521739,0.8260869565217391,0.8369565217391305,3.2934782608695654,0.6321112437682197,1.686899657614474,-0.07826241498835329
household_lagged_shock_yes,interdistrict_63,leave_one_origin_out,gravity_mle_disk_within,71,6,True,0.0,0.0,0.0,2.771589818420363,0.4084507042253521,0.6338028169014085,0.676056338028169,5.112676056338028,0.562684198248223,2.771589818420363,0.0
household_lagged_shock_yes,interdistrict_63,leave_one_origin_out,gis_joint_ridge,71,6,True,0.055,0.001,1.0,2.54795093490377,0.4225352112676056,0.647887323943662,0.7605633802816901,5.732394366197183,0.5733842559582272,2.771589818420363,0.223638883516593
household_lagged_shock_yes,interdistrict_63,leave_one_origin_out,gis_joint_unpenalized,71,6,True,0.0,0.0,0.0,2.5749221399567808,0.4225352112676056,0.676056338028169,0.7746478873239436,5.619718309859155,0.5778521697850648,2.771589818420363,0.19666767846358235
household_lagged_shock_yes,interdistrict_63,leave_one_origin_out,radiation_adapted,71,6,True,0.0,0.0,0.0,2.4341014758810435,0.4788732394366197,0.5774647887323944,0.6901408450704225,5.408450704225352,0.5741656882501953,2.771589818420363,0.3374883425393196
household_lagged_shock_yes,full_64,leave_one_origin_out,nested_gravity,184,7,True,0.0,0.0,0.0,1.833633281254749,0.4673913043478261,0.8586956521739131,0.875,3.119565217391304,0.6625965519987259,1.686899657614474,-0.14673362364027498
household_lagged_shock_yes,full_64,leave_one_origin_out,nested_gis_ridge,184,7,True,0.01,0.001,1.0,1.9457507789819033,0.5271739130434783,0.7717391304347826,0.8967391304347826,3.527173913043478,0.6718396887994075,1.686899657614474,-0.2588511213674294
household_lagged_shock_yes,full_64,temporal_w12plus_holdout,gravity_mle_disk_within,112,1,True,0.0,0.0,0.0,1.5610836087977993,0.6071428571428571,0.8125,0.875,2.767857142857143,0.7291912037884476,1.5610836087977993,0.0
household_lagged_shock_yes,full_64,temporal_w12plus_holdout,gis_joint_ridge,112,1,True,100.0,100.0,100.0,1.5482867596339887,0.6071428571428571,0.8125,0.875,2.75,0.7292856406016345,1.5610836087977993,0.01279684916381063
household_lagged_shock_yes,full_64,temporal_w12plus_holdout,gis_joint_unpenalized,112,1,True,0.0,0.0,0.0,1.4102957385236203,0.6071428571428571,0.8303571428571429,0.8839285714285714,2.5,0.742948279790385,1.5610836087977993,0.15078787027417895
household_lagged_shock_yes,full_64,temporal_w12plus_holdout,radiation_adapted,112,1,True,0.0,0.0,0.0,1.7412276841349215,0.36607142857142855,0.8303571428571429,0.8303571428571429,3.1875,0.6115279887718797,1.5610836087977993,-0.18014407533712218
household_lagged_shock_yes,interdistrict_63,temporal_w12plus_holdout,gravity_mle_disk_within,45,1,True,0.0,0.0,0.0,2.298819357204101,0.4222222222222222,0.7111111111111111,0.7333333333333333,4.333333333333333,0.5858699834786791,2.298819357204101,0.0
household_lagged_shock_yes,interdistrict_63,temporal_w12plus_holdout,gis_joint_ridge,45,1,True,100.0,100.0,100.0,2.283542515289377,0.4222222222222222,0.7111111111111111,0.7333333333333333,4.222222222222222,0.5935821987995901,2.298819357204101,0.015276841914723782
household_lagged_shock_yes,interdistrict_63,temporal_w12plus_holdout,gis_joint_unpenalized,45,1,True,0.0,0.0,0.0,1.8873018019503622,0.4222222222222222,0.6888888888888889,0.8666666666666667,3.6222222222222222,0.6094234160900828,2.298819357204101,0.4115175552537387
household_lagged_shock_yes,interdistrict_63,temporal_w12plus_holdout,radiation_adapted,45,1,True,0.0,0.0,0.0,2.3038733598870333,0.4888888888888889,0.5777777777777777,0.7111111111111111,4.866666666666666,0.5886347397458509,2.298819357204101,-0.005054002682932435
household_lagged_shock_yes,full_64,temporal_w12plus_holdout,nested_gravity,112,1,True,0.0,0.0,0.0,1.598568180957937,0.5982142857142857,0.8571428571428571,0.8839285714285714,2.7410714285714284,0.7303918650793649,1.5610836087977993,-0.037484572160137786
household_lagged_shock_yes,full_64,temporal_w12plus_holdout,nested_gis_ridge,112,1,True,100.0,100.0,100.0,1.5913041264578365,0.5982142857142857,0.875,0.8839285714285714,2.6964285714285716,0.7319864163614164,1.5610836087977993,-0.030220517660037194
household_lagged_shock_observed,full_64,household_grouped_5fold,gravity_mle_disk_within,262,5,True,0.0,0.0,0.0,1.7158557221273305,0.5992366412213741,0.8244274809160306,0.8625954198473282,3.3244274809160306,0.7207082631405458,1.7158557221273305,0.0
household_lagged_shock_observed,full_64,household_grouped_5fold,gis_joint_ridge_no_interactions,262,5,True,0.1,0.1,1.0,1.621107286840257,0.5992366412213741,0.8473282442748091,0.8740458015267175,3.187022900763359,0.7305432467569092,1.7158557221273305,0.09474843528707355
household_lagged_shock_observed,full_64,household_grouped_5fold,gis_joint_unpenalized_no_interactions,262,5,True,0.0,0.0,0.0,1.6180202853352526,0.5992366412213741,0.851145038167939,0.8740458015267175,3.2061068702290076,0.7308783385955295,1.7158557221273305,0.09783543679207796
household_lagged_shock_observed,full_64,household_grouped_5fold,radiation_adapted,262,5,True,0.0,0.0,0.0,1.8864845091342874,0.4351145038167939,0.8015267175572519,0.8206106870229007,3.6564885496183206,0.6345104021044197,1.7158557221273305,-0.17062878700695694
household_lagged_shock_observed,full_64,household_grouped_5fold,gis_joint_ridge_shock_interactions,262,5,True,0.1,0.1,1.0,1.6113633949745767,0.6259541984732825,0.8435114503816794,0.8740458015267175,3.2404580152671754,0.7384739957749359,1.7158557221273305,0.1044923271527538
household_lagged_shock_observed,full_64,household_grouped_5fold,gis_joint_unpenalized_shock_interactions,262,5,True,0.0,0.0,0.0,1.6087806020717175,0.6259541984732825,0.851145038167939,0.8740458015267175,3.2061068702290076,0.7399612028637902,1.7158557221273305,0.10707512005561304
household_lagged_shock_observed,interdistrict_63,household_grouped_5fold,gravity_mle_disk_within,106,5,True,0.0,0.0,0.0,2.5271482528164055,0.39622641509433965,0.6509433962264151,0.6981132075471698,5.5754716981132075,0.5455066101745865,2.5271482528164055,0.0
household_lagged_shock_observed,interdistrict_63,household_grouped_5fold,gis_joint_ridge_no_interactions,106,5,True,0.01,0.001,1.0,2.233558458392612,0.4056603773584906,0.6509433962264151,0.8301886792452831,6.0,0.5763005224654117,2.5271482528164055,0.29358979442379374
household_lagged_shock_observed,interdistrict_63,household_grouped_5fold,gis_joint_unpenalized_no_interactions,106,5,True,0.0,0.0,0.0,2.2893145710059053,0.39622641509433965,0.6415094339622641,0.8301886792452831,5.962264150943396,0.5708654925357726,2.5271482528164055,0.23783368181050024
household_lagged_shock_observed,interdistrict_63,household_grouped_5fold,radiation_adapted,106,5,True,0.0,0.0,0.0,2.6531435009161934,0.42452830188679247,0.5566037735849056,0.6415094339622641,6.169811320754717,0.5307891658251638,2.5271482528164055,-0.1259952480997879
household_lagged_shock_observed,interdistrict_63,household_grouped_5fold,gis_joint_ridge_shock_interactions,106,5,True,0.01,0.001,1.0,2.2447547219977624,0.4056603773584906,0.6509433962264151,0.8301886792452831,6.028301886792453,0.5759254415064211,2.5271482528164055,0.28239353081864316
household_lagged_shock_observed,interdistrict_63,household_grouped_5fold,gis_joint_unpenalized_shock_interactions,106,5,True,0.0,0.0,0.0,2.296202970406372,0.4056603773584906,0.6415094339622641,0.8301886792452831,5.952830188679245,0.5758584522792597,2.5271482528164055,0.23094528241003376
