district,district_name_geometry_raw,district_pcode,division,division_name_geometry_raw,central_lon,central_lat,central_point_method,polygon_centroid_inside,area_km2_approx,within_district_mean_pair_km_mc,within_district_disk_proxy_km,geometry_source,geometry_source_url,population_2022_total,population_source,population_source_url,population_pdf_pages
Bagerhat,Bagerhat,BD4001,Khulna,Khulna,89.73956431663798,22.36977996795234,polygon_centroid,True,3619.603861410171,44.41806395009496,30.732873493018324,Bangladesh DGHS hosted BBS 2020 ADM2 layer,https://gis.dghs.gov.bd/server/rest/services/Hosted/bgd_admbnda_adm2_bbs_20201113/FeatureServer/0,1613076,"BBS Population and Housing Census 2022, National Report Volume I, Table P02",https://objectstorage.ap-dcc-gazipur-1.oraclecloud15.com/n/axvjbnqprylg/b/V2Ministry/o/office-bbs/2024/12/9ce5bd160bb14a1ab1eabe886adddb9a.pdf,PDF pages 199-200 (printed pages 151-152)
Bandarban,Bandarban,BD2003,Chattogram,Chittagong,92.36382543113957,21.807117016617802,polygon_centroid,True,4544.015742404386,41.589268585081705,34.434403205121264,Bangladesh DGHS hosted BBS 2020 ADM2 layer,https://gis.dghs.gov.bd/server/rest/services/Hosted/bgd_admbnda_adm2_bbs_20201113/FeatureServer/0,481106,"BBS Population and Housing Census 2022, National Report Volume I, Table P02",https://objectstorage.ap-dcc-gazipur-1.oraclecloud15.com/n/axvjbnqprylg/b/V2Ministry/o/office-bbs/2024/12/9ce5bd160bb14a1ab1eabe886adddb9a.pdf,PDF pages 199-200 (printed pages 151-152)
Barguna,Barguna,BD1004,Barishal,Barisal,90.12048035991319,22.14112658246076,polygon_centroid,True,1333.6937595456839,21.759162013266042,18.655234233347898,Bangladesh DGHS hosted BBS 2020 ADM2 layer,https://gis.dghs.gov.bd/server/rest/services/Hosted/bgd_admbnda_adm2_bbs_20201113/FeatureServer/0,1010531,"BBS Population and Housing Census 2022, National Report Volume I, Table P02",https://objectstorage.ap-dcc-gazipur-1.oraclecloud15.com/n/axvjbnqprylg/b/V2Ministry/o/office-bbs/2024/12/9ce5bd160bb14a1ab1eabe886adddb9a.pdf,PDF pages 199-200 (printed pages 151-152)
Barishal,Barisal,BD1006,Barishal,Barisal,90.34167233806508,22.81144143798014,polygon_centroid,True,2210.2901877555996,27.688320395337115,24.015813078636786,Bangladesh DGHS hosted BBS 2020 ADM2 layer,https://gis.dghs.gov.bd/server/rest/services/Hosted/bgd_admbnda_adm2_bbs_20201113/FeatureServer/0,2570446,"BBS Population and Housing Census 2022, National Report Volume I, Table P02",https://objectstorage.ap-dcc-gazipur-1.oraclecloud15.com/n/axvjbnqprylg/b/V2Ministry/o/office-bbs/2024/12/9ce5bd160bb14a1ab1eabe886adddb9a.pdf,PDF pages 199-200 (printed pages 151-152)
Bhola,Bhola,BD1009,Barishal,Barisal,90.73334082882741,22.335697321448375,polygon_centroid,True,1933.863955270499,34.7337340098454,22.463923228237597,Bangladesh DGHS hosted BBS 2020 ADM2 layer,https://gis.dghs.gov.bd/server/rest/services/Hosted/bgd_admbnda_adm2_bbs_20201113/FeatureServer/0,1932518,"BBS Population and Housing Census 2022, National Report Volume I, Table P02",https://objectstorage.ap-dcc-gazipur-1.oraclecloud15.com/n/axvjbnqprylg/b/V2Ministry/o/office-bbs/2024/12/9ce5bd160bb14a1ab1eabe886adddb9a.pdf,PDF pages 199-200 (printed pages 151-152)
Bogura,Bogra,BD5010,Rajshahi,Rajshahi,89.37879178145363,24.82445808503593,polygon_centroid,True,2944.7145673185587,28.35538842064208,27.720065313681488,Bangladesh DGHS hosted BBS 2020 ADM2 layer,https://gis.dghs.gov.bd/server/rest/services/Hosted/bgd_admbnda_adm2_bbs_20201113/FeatureServer/0,3734297,"BBS Population and Housing Census 2022, National Report Volume I, Table P02",https://objectstorage.ap-dcc-gazipur-1.oraclecloud15.com/n/axvjbnqprylg/b/V2Ministry/o/office-bbs/2024/12/9ce5bd160bb14a1ab1eabe886adddb9a.pdf,PDF pages 199-200 (printed pages 151-152)
Brahmanbaria,Brahamanbaria,BD2012,Chattogram,Chittagong,91.08348432888928,23.952995668273747,polygon_centroid,True,1930.8240222800523,26.26405068481522,22.4462602279894,Bangladesh DGHS hosted BBS 2020 ADM2 layer,https://gis.dghs.gov.bd/server/rest/services/Hosted/bgd_admbnda_adm2_bbs_20201113/FeatureServer/0,3306563,"BBS Population and Housing Census 2022, National Report Volume I, Table P02",https://objectstorage.ap-dcc-gazipur-1.oraclecloud15.com/n/axvjbnqprylg/b/V2Ministry/o/office-bbs/2024/12/9ce5bd160bb14a1ab1eabe886adddb9a.pdf,PDF pages 199-200 (printed pages 151-152)
Chandpur,Chandpur,BD2013,Chattogram,Chittagong,90.77101383633722,23.273564441636832,polygon_centroid,True,1468.1986112445593,22.178885305111216,19.573345011379597,Bangladesh DGHS hosted BBS 2020 ADM2 layer,https://gis.dghs.gov.bd/server/rest/services/Hosted/bgd_admbnda_adm2_bbs_20201113/FeatureServer/0,2635748,"BBS Population and Housing Census 2022, National Report Volume I, Table P02",https://objectstorage.ap-dcc-gazipur-1.oraclecloud15.com/n/axvjbnqprylg/b/V2Ministry/o/office-bbs/2024/12/9ce5bd160bb14a1ab1eabe886adddb9a.pdf,PDF pages 199-200 (printed pages 151-152)
Chapainawabganj,Nawabganj,BD5070,Rajshahi,Rajshahi,88.26411261626886,24.715698785557542,polygon_centroid,True,1702.6018614917994,22.295133480067,21.07799022507237,Bangladesh DGHS hosted BBS 2020 ADM2 layer,https://gis.dghs.gov.bd/server/rest/services/Hosted/bgd_admbnda_adm2_bbs_20201113/FeatureServer/0,1835528,"BBS Population and Housing Census 2022, National Report Volume I, Table P02",https://objectstorage.ap-dcc-gazipur-1.oraclecloud15.com/n/axvjbnqprylg/b/V2Ministry/o/office-bbs/2024/12/9ce5bd160bb14a1ab1eabe886adddb9a.pdf,PDF pages 199-200 (printed pages 151-152)
Chattogram,Chittagong,BD2015,Chattogram,Chittagong,91.83436892133959,22.443264467303184,polygon_centroid,True,4420.680318314582,47.10293366644002,33.96387249725103,Bangladesh DGHS hosted BBS 2020 ADM2 layer,https://gis.dghs.gov.bd/server/rest/services/Hosted/bgd_admbnda_adm2_bbs_20201113/FeatureServer/0,9169465,"BBS Population and Housing Census 2022, National Report Volume I, Table P02",https://objectstorage.ap-dcc-gazipur-1.oraclecloud15.com/n/axvjbnqprylg/b/V2Ministry/o/office-bbs/2024/12/9ce5bd160bb14a1ab1eabe886adddb9a.pdf,PDF pages 199-200 (printed pages 151-152)
Chuadanga,Chuadanga,BD4018,Khulna,Khulna,88.84797495226124,23.608312280085794,polygon_centroid,True,1167.0055880770087,18.427510416215284,17.450549807039742,Bangladesh DGHS hosted BBS 2020 ADM2 layer,https://gis.dghs.gov.bd/server/rest/services/Hosted/bgd_admbnda_adm2_bbs_20201113/FeatureServer/0,1234054,"BBS Population and Housing Census 2022, National Report Volume I, Table P02",https://objectstorage.ap-dcc-gazipur-1.oraclecloud15.com/n/axvjbnqprylg/b/V2Ministry/o/office-bbs/2024/12/9ce5bd160bb14a1ab1eabe886adddb9a.pdf,PDF pages 199-200 (printed pages 151-152)
Cox's Bazar,Cox's Bazar,BD2022,Chattogram,Chittagong,92.06392540049514,21.48379792888164,polygon_centroid,True,2144.051372528076,38.74579969810648,23.65321831992768,Bangladesh DGHS hosted BBS 2020 ADM2 layer,https://gis.dghs.gov.bd/server/rest/services/Hosted/bgd_admbnda_adm2_bbs_20201113/FeatureServer/0,2823268,"BBS Population and Housing Census 2022, National Report Volume I, Table P02",https://objectstorage.ap-dcc-gazipur-1.oraclecloud15.com/n/axvjbnqprylg/b/V2Ministry/o/office-bbs/2024/12/9ce5bd160bb14a1ab1eabe886adddb9a.pdf,PDF pages 199-200 (printed pages 151-152)
Cumilla,Comilla,BD2019,Chattogram,Chittagong,91.03395508743203,23.436873149896083,polygon_centroid,True,3089.152761206031,33.909116607039685,28.391761579828646,Bangladesh DGHS hosted BBS 2020 ADM2 layer,https://gis.dghs.gov.bd/server/rest/services/Hosted/bgd_admbnda_adm2_bbs_20201113/FeatureServer/0,6212216,"BBS Population and Housing Census 2022, National Report Volume I, Table P02",https://objectstorage.ap-dcc-gazipur-1.oraclecloud15.com/n/axvjbnqprylg/b/V2Ministry/o/office-bbs/2024/12/9ce5bd160bb14a1ab1eabe886adddb9a.pdf,PDF pages 199-200 (printed pages 151-152)
Dhaka,Dhaka,BD3026,Dhaka,Dhaka,90.25076984261688,23.78696762885516,polygon_centroid,True,1480.47374833934,24.03042905900507,19.654997924127883,Bangladesh DGHS hosted BBS 2020 ADM2 layer,https://gis.dghs.gov.bd/server/rest/services/Hosted/bgd_admbnda_adm2_bbs_20201113/FeatureServer/0,14734701,"BBS Population and Housing Census 2022, National Report Volume I, Table P02",https://objectstorage.ap-dcc-gazipur-1.oraclecloud15.com/n/axvjbnqprylg/b/V2Ministry/o/office-bbs/2024/12/9ce5bd160bb14a1ab1eabe886adddb9a.pdf,PDF pages 199-200 (printed pages 151-152)
Dinajpur,Dinajpur,BD5527,Rangpur,Rangpur,88.78688740430306,25.629879035165438,polygon_centroid,True,3521.0699610468,38.34735953284132,30.31167766281536,Bangladesh DGHS hosted BBS 2020 ADM2 layer,https://gis.dghs.gov.bd/server/rest/services/Hosted/bgd_admbnda_adm2_bbs_20201113/FeatureServer/0,3315236,"BBS Population and Housing Census 2022, National Report Volume I, Table P02",https://objectstorage.ap-dcc-gazipur-1.oraclecloud15.com/n/axvjbnqprylg/b/V2Ministry/o/office-bbs/2024/12/9ce5bd160bb14a1ab1eabe886adddb9a.pdf,PDF pages 199-200 (printed pages 151-152)
Faridpur,Faridpur,BD3029,Dhaka,Dhaka,89.83887938084175,23.478941864810565,polygon_centroid,True,2045.060918662697,24.901706085468675,23.10073358454833,Bangladesh DGHS hosted BBS 2020 ADM2 layer,https://gis.dghs.gov.bd/server/rest/services/Hosted/bgd_admbnda_adm2_bbs_20201113/FeatureServer/0,2162879,"BBS Population and Housing Census 2022, National Report Volume I, Table P02",https://objectstorage.ap-dcc-gazipur-1.oraclecloud15.com/n/axvjbnqprylg/b/V2Ministry/o/office-bbs/2024/12/9ce5bd160bb14a1ab1eabe886adddb9a.pdf,PDF pages 199-200 (printed pages 151-152)
Feni,Feni,BD2030,Chattogram,Chittagong,91.41243053736687,22.999431623650437,polygon_centroid,True,904.3246297687292,17.54730726899854,15.361542489996951,Bangladesh DGHS hosted BBS 2020 ADM2 layer,https://gis.dghs.gov.bd/server/rest/services/Hosted/bgd_admbnda_adm2_bbs_20201113/FeatureServer/0,1648896,"BBS Population and Housing Census 2022, National Report Volume I, Table P02",https://objectstorage.ap-dcc-gazipur-1.oraclecloud15.com/n/axvjbnqprylg/b/V2Ministry/o/office-bbs/2024/12/9ce5bd160bb14a1ab1eabe886adddb9a.pdf,PDF pages 199-200 (printed pages 151-152)
Gaibandha,Gaibandha,BD5532,Rangpur,Rangpur,89.50584502438743,25.29872217310653,polygon_centroid,True,2198.785736359656,25.452787611009214,23.953230977007344,Bangladesh DGHS hosted BBS 2020 ADM2 layer,https://gis.dghs.gov.bd/server/rest/services/Hosted/bgd_admbnda_adm2_bbs_20201113/FeatureServer/0,2562233,"BBS Population and Housing Census 2022, National Report Volume I, Table P02",https://objectstorage.ap-dcc-gazipur-1.oraclecloud15.com/n/axvjbnqprylg/b/V2Ministry/o/office-bbs/2024/12/9ce5bd160bb14a1ab1eabe886adddb9a.pdf,PDF pages 199-200 (printed pages 151-152)
Gazipur,Gazipur,BD3033,Dhaka,Dhaka,90.44499792799294,24.0984242858717,polygon_centroid,True,1826.8510616254061,22.19915696732304,21.833543099496293,Bangladesh DGHS hosted BBS 2020 ADM2 layer,https://gis.dghs.gov.bd/server/rest/services/Hosted/bgd_admbnda_adm2_bbs_20201113/FeatureServer/0,5263450,"BBS Population and Housing Census 2022, National Report Volume I, Table P02",https://objectstorage.ap-dcc-gazipur-1.oraclecloud15.com/n/axvjbnqprylg/b/V2Ministry/o/office-bbs/2024/12/9ce5bd160bb14a1ab1eabe886adddb9a.pdf,PDF pages 199-200 (printed pages 151-152)
Gopalganj,Gopalganj,BD3035,Dhaka,Dhaka,89.89951162322944,23.10553279678167,polygon_centroid,True,1472.871945694089,21.467887515349712,19.60447162874366,Bangladesh DGHS hosted BBS 2020 ADM2 layer,https://gis.dghs.gov.bd/server/rest/services/Hosted/bgd_admbnda_adm2_bbs_20201113/FeatureServer/0,1295057,"BBS Population and Housing Census 2022, National Report Volume I, Table P02",https://objectstorage.ap-dcc-gazipur-1.oraclecloud15.com/n/axvjbnqprylg/b/V2Ministry/o/office-bbs/2024/12/9ce5bd160bb14a1ab1eabe886adddb9a.pdf,PDF pages 199-200 (printed pages 151-152)
Habiganj,Habiganj,BD6036,Sylhet,Sylhet,91.43033649778019,24.36808221436525,polygon_centroid,True,2601.6256390064955,28.317363181755592,26.055238253541336,Bangladesh DGHS hosted BBS 2020 ADM2 layer,https://gis.dghs.gov.bd/server/rest/services/Hosted/bgd_admbnda_adm2_bbs_20201113/FeatureServer/0,2358886,"BBS Population and Housing Census 2022, National Report Volume I, Table P02",https://objectstorage.ap-dcc-gazipur-1.oraclecloud15.com/n/axvjbnqprylg/b/V2Ministry/o/office-bbs/2024/12/9ce5bd160bb14a1ab1eabe886adddb9a.pdf,PDF pages 199-200 (printed pages 151-152)
Jamalpur,Jamalpur,BD4539,Mymensingh,Mymensingh,89.84626565885789,24.973107751934904,polygon_centroid,True,2090.9231948126107,29.778449537031012,23.35832447375554,Bangladesh DGHS hosted BBS 2020 ADM2 layer,https://gis.dghs.gov.bd/server/rest/services/Hosted/bgd_admbnda_adm2_bbs_20201113/FeatureServer/0,2499738,"BBS Population and Housing Census 2022, National Report Volume I, Table P02",https://objectstorage.ap-dcc-gazipur-1.oraclecloud15.com/n/axvjbnqprylg/b/V2Ministry/o/office-bbs/2024/12/9ce5bd160bb14a1ab1eabe886adddb9a.pdf,PDF pages 199-200 (printed pages 151-152)
Jashore,Jessore,BD4041,Khulna,Khulna,89.17467566725803,23.08977613289782,polygon_centroid,True,2579.290608547628,27.158169528652262,25.943154692364946,Bangladesh DGHS hosted BBS 2020 ADM2 layer,https://gis.dghs.gov.bd/server/rest/services/Hosted/bgd_admbnda_adm2_bbs_20201113/FeatureServer/0,3076144,"BBS Population and Housing Census 2022, National Report Volume I, Table P02",https://objectstorage.ap-dcc-gazipur-1.oraclecloud15.com/n/axvjbnqprylg/b/V2Ministry/o/office-bbs/2024/12/9ce5bd160bb14a1ab1eabe886adddb9a.pdf,PDF pages 199-200 (printed pages 151-152)
Jhalokati,Jhalokati,BD1042,Barishal,Barisal,90.18401258864998,22.572786585611148,polygon_centroid,True,734.4073016084731,16.21663752162535,13.843348106499953,Bangladesh DGHS hosted BBS 2020 ADM2 layer,https://gis.dghs.gov.bd/server/rest/services/Hosted/bgd_admbnda_adm2_bbs_20201113/FeatureServer/0,661160,"BBS Population and Housing Census 2022, National Report Volume I, Table P02",https://objectstorage.ap-dcc-gazipur-1.oraclecloud15.com/n/axvjbnqprylg/b/V2Ministry/o/office-bbs/2024/12/9ce5bd160bb14a1ab1eabe886adddb9a.pdf,PDF pages 199-200 (printed pages 151-152)
Jhenaidah,Jhenaidah,BD4044,Khulna,Khulna,89.0874883931935,23.489216335219602,polygon_centroid,True,1957.5700469296426,27.552443491675515,22.601189800303487,Bangladesh DGHS hosted BBS 2020 ADM2 layer,https://gis.dghs.gov.bd/server/rest/services/Hosted/bgd_admbnda_adm2_bbs_20201113/FeatureServer/0,2005849,"BBS Population and Housing Census 2022, National Report Volume I, Table P02",https://objectstorage.ap-dcc-gazipur-1.oraclecloud15.com/n/axvjbnqprylg/b/V2Ministry/o/office-bbs/2024/12/9ce5bd160bb14a1ab1eabe886adddb9a.pdf,PDF pages 199-200 (printed pages 151-152)
Joypurhat,Joypurhat,BD5038,Rajshahi,Rajshahi,89.08291551258313,25.092768710612706,polygon_centroid,True,972.9098919089884,17.283475225417625,15.933418246023585,Bangladesh DGHS hosted BBS 2020 ADM2 layer,https://gis.dghs.gov.bd/server/rest/services/Hosted/bgd_admbnda_adm2_bbs_20201113/FeatureServer/0,956431,"BBS Population and Housing Census 2022, National Report Volume I, Table P02",https://objectstorage.ap-dcc-gazipur-1.oraclecloud15.com/n/axvjbnqprylg/b/V2Ministry/o/office-bbs/2024/12/9ce5bd160bb14a1ab1eabe886adddb9a.pdf,PDF pages 199-200 (printed pages 151-152)
Khagrachhari,Khagrachhari,BD2046,Chattogram,Chittagong,91.95214377069802,23.164334111058437,polygon_centroid,True,2850.877543563023,35.21539211023686,27.274822211251806,Bangladesh DGHS hosted BBS 2020 ADM2 layer,https://gis.dghs.gov.bd/server/rest/services/Hosted/bgd_admbnda_adm2_bbs_20201113/FeatureServer/0,714119,"BBS Population and Housing Census 2022, National Report Volume I, Table P02",https://objectstorage.ap-dcc-gazipur-1.oraclecloud15.com/n/axvjbnqprylg/b/V2Ministry/o/office-bbs/2024/12/9ce5bd160bb14a1ab1eabe886adddb9a.pdf,PDF pages 199-200 (printed pages 151-152)
Khulna,Khulna,BD4047,Khulna,Khulna,89.44784775723754,22.47087822168312,polygon_centroid,True,3601.2789302449673,44.102448569576914,30.65497927841257,Bangladesh DGHS hosted BBS 2020 ADM2 layer,https://gis.dghs.gov.bd/server/rest/services/Hosted/bgd_admbnda_adm2_bbs_20201113/FeatureServer/0,2613385,"BBS Population and Housing Census 2022, National Report Volume I, Table P02",https://objectstorage.ap-dcc-gazipur-1.oraclecloud15.com/n/axvjbnqprylg/b/V2Ministry/o/office-bbs/2024/12/9ce5bd160bb14a1ab1eabe886adddb9a.pdf,PDF pages 199-200 (printed pages 151-152)
Kishoreganj,Kishoreganj,BD3048,Dhaka,Dhaka,90.94240511990921,24.376186087126822,polygon_centroid,True,2584.1392051912844,27.203058748663864,25.967527446886052,Bangladesh DGHS hosted BBS 2020 ADM2 layer,https://gis.dghs.gov.bd/server/rest/services/Hosted/bgd_admbnda_adm2_bbs_20201113/FeatureServer/0,3267626,"BBS Population and Housing Census 2022, National Report Volume I, Table P02",https://objectstorage.ap-dcc-gazipur-1.oraclecloud15.com/n/axvjbnqprylg/b/V2Ministry/o/office-bbs/2024/12/9ce5bd160bb14a1ab1eabe886adddb9a.pdf,PDF pages 199-200 (printed pages 151-152)
Kurigram,Kurigram,BD5549,Rangpur,Rangpur,89.6947033065138,25.792092679633708,polygon_centroid,True,2318.8709115572274,28.983832535010208,24.598630740804957,Bangladesh DGHS hosted BBS 2020 ADM2 layer,https://gis.dghs.gov.bd/server/rest/services/Hosted/bgd_admbnda_adm2_bbs_20201113/FeatureServer/0,2329160,"BBS Population and Housing Census 2022, National Report Volume I, Table P02",https://objectstorage.ap-dcc-gazipur-1.oraclecloud15.com/n/axvjbnqprylg/b/V2Ministry/o/office-bbs/2024/12/9ce5bd160bb14a1ab1eabe886adddb9a.pdf,PDF pages 199-200 (printed pages 151-152)
Kushtia,Kushtia,BD4050,Khulna,Khulna,89.02193154328765,23.922966848930695,polygon_centroid,True,1621.1949358377606,25.15576398304912,20.567914867787298,Bangladesh DGHS hosted BBS 2020 ADM2 layer,https://gis.dghs.gov.bd/server/rest/services/Hosted/bgd_admbnda_adm2_bbs_20201113/FeatureServer/0,2149692,"BBS Population and Housing Census 2022, National Report Volume I, Table P02",https://objectstorage.ap-dcc-gazipur-1.oraclecloud15.com/n/axvjbnqprylg/b/V2Ministry/o/office-bbs/2024/12/9ce5bd160bb14a1ab1eabe886adddb9a.pdf,PDF pages 199-200 (printed pages 151-152)
Lakshmipur,Lakshmipur,BD2051,Chattogram,Chittagong,90.85582883101098,22.891768838589755,polygon_centroid,True,1239.2417211048305,22.6378680512217,17.98252447007203,Bangladesh DGHS hosted BBS 2020 ADM2 layer,https://gis.dghs.gov.bd/server/rest/services/Hosted/bgd_admbnda_adm2_bbs_20201113/FeatureServer/0,1937948,"BBS Population and Housing Census 2022, National Report Volume I, Table P02",https://objectstorage.ap-dcc-gazipur-1.oraclecloud15.com/n/axvjbnqprylg/b/V2Ministry/o/office-bbs/2024/12/9ce5bd160bb14a1ab1eabe886adddb9a.pdf,PDF pages 199-200 (printed pages 151-152)
Lalmonirhat,Lalmonirhat,BD5552,Rangpur,Rangpur,89.23573039485338,26.06311232783251,polygon_centroid,True,1302.0103091821074,30.45034841020601,18.432313921928653,Bangladesh DGHS hosted BBS 2020 ADM2 layer,https://gis.dghs.gov.bd/server/rest/services/Hosted/bgd_admbnda_adm2_bbs_20201113/FeatureServer/0,1428406,"BBS Population and Housing Census 2022, National Report Volume I, Table P02",https://objectstorage.ap-dcc-gazipur-1.oraclecloud15.com/n/axvjbnqprylg/b/V2Ministry/o/office-bbs/2024/12/9ce5bd160bb14a1ab1eabe886adddb9a.pdf,PDF pages 199-200 (printed pages 151-152)
Madaripur,Madaripur,BD3054,Dhaka,Dhaka,90.16509700200086,23.21804215947766,polygon_centroid,True,1133.8558831177652,20.863046602913986,17.200916028669205,Bangladesh DGHS hosted BBS 2020 ADM2 layer,https://gis.dghs.gov.bd/server/rest/services/Hosted/bgd_admbnda_adm2_bbs_20201113/FeatureServer/0,1293027,"BBS Population and Housing Census 2022, National Report Volume I, Table P02",https://objectstorage.ap-dcc-gazipur-1.oraclecloud15.com/n/axvjbnqprylg/b/V2Ministry/o/office-bbs/2024/12/9ce5bd160bb14a1ab1eabe886adddb9a.pdf,PDF pages 199-200 (printed pages 151-152)
Magura,Magura,BD4055,Khulna,Khulna,89.4337123916013,23.44317953348198,polygon_centroid,True,1049.1902675442398,17.542088022334298,16.54625730132756,Bangladesh DGHS hosted BBS 2020 ADM2 layer,https://gis.dghs.gov.bd/server/rest/services/Hosted/bgd_admbnda_adm2_bbs_20201113/FeatureServer/0,1033115,"BBS Population and Housing Census 2022, National Report Volume I, Table P02",https://objectstorage.ap-dcc-gazipur-1.oraclecloud15.com/n/axvjbnqprylg/b/V2Ministry/o/office-bbs/2024/12/9ce5bd160bb14a1ab1eabe886adddb9a.pdf,PDF pages 199-200 (printed pages 151-152)
Manikganj,Manikganj,BD3056,Dhaka,Dhaka,89.94959574811159,23.843925733451552,polygon_centroid,True,1378.9557800628245,20.452291132790837,18.969147635077306,Bangladesh DGHS hosted BBS 2020 ADM2 layer,https://gis.dghs.gov.bd/server/rest/services/Hosted/bgd_admbnda_adm2_bbs_20201113/FeatureServer/0,1558025,"BBS Population and Housing Census 2022, National Report Volume I, Table P02",https://objectstorage.ap-dcc-gazipur-1.oraclecloud15.com/n/axvjbnqprylg/b/V2Ministry/o/office-bbs/2024/12/9ce5bd160bb14a1ab1eabe886adddb9a.pdf,PDF pages 199-200 (printed pages 151-152)
Meherpur,Meherpur,BD4057,Khulna,Khulna,88.70714249349271,23.794101557216692,polygon_centroid,True,724.7125932984054,15.14974643119444,13.75167344758498,Bangladesh DGHS hosted BBS 2020 ADM2 layer,https://gis.dghs.gov.bd/server/rest/services/Hosted/bgd_admbnda_adm2_bbs_20201113/FeatureServer/0,705356,"BBS Population and Housing Census 2022, National Report Volume I, Table P02",https://objectstorage.ap-dcc-gazipur-1.oraclecloud15.com/n/axvjbnqprylg/b/V2Ministry/o/office-bbs/2024/12/9ce5bd160bb14a1ab1eabe886adddb9a.pdf,PDF pages 199-200 (printed pages 151-152)
Moulvibazar,Maulvibazar,BD6058,Sylhet,Sylhet,91.91537556818531,24.480421110321924,polygon_centroid,True,2701.0657329726964,31.090901750748188,26.54851437528964,Bangladesh DGHS hosted BBS 2020 ADM2 layer,https://gis.dghs.gov.bd/server/rest/services/Hosted/bgd_admbnda_adm2_bbs_20201113/FeatureServer/0,2123447,"BBS Population and Housing Census 2022, National Report Volume I, Table P02",https://objectstorage.ap-dcc-gazipur-1.oraclecloud15.com/n/axvjbnqprylg/b/V2Ministry/o/office-bbs/2024/12/9ce5bd160bb14a1ab1eabe886adddb9a.pdf,PDF pages 199-200 (printed pages 151-152)
Munshiganj,Munshiganj,BD3059,Dhaka,Dhaka,90.41728519420278,23.525748249240998,polygon_centroid,True,933.6279162615538,18.361164764992193,15.608442230623805,Bangladesh DGHS hosted BBS 2020 ADM2 layer,https://gis.dghs.gov.bd/server/rest/services/Hosted/bgd_admbnda_adm2_bbs_20201113/FeatureServer/0,1625416,"BBS Population and Housing Census 2022, National Report Volume I, Table P02",https://objectstorage.ap-dcc-gazipur-1.oraclecloud15.com/n/axvjbnqprylg/b/V2Ministry/o/office-bbs/2024/12/9ce5bd160bb14a1ab1eabe886adddb9a.pdf,PDF pages 199-200 (printed pages 151-152)
Mymensingh,Mymensingh,BD4561,Mymensingh,Mymensingh,90.42860884710521,24.699094214247907,polygon_centroid,True,4392.123381052166,37.528541665934554,33.853993977989454,Bangladesh DGHS hosted BBS 2020 ADM2 layer,https://gis.dghs.gov.bd/server/rest/services/Hosted/bgd_admbnda_adm2_bbs_20201113/FeatureServer/0,5899005,"BBS Population and Housing Census 2022, National Report Volume I, Table P02",https://objectstorage.ap-dcc-gazipur-1.oraclecloud15.com/n/axvjbnqprylg/b/V2Ministry/o/office-bbs/2024/12/9ce5bd160bb14a1ab1eabe886adddb9a.pdf,PDF pages 199-200 (printed pages 151-152)
Naogaon,Naogaon,BD5064,Rajshahi,Rajshahi,88.75157168481341,24.899642309556302,polygon_centroid,True,3483.9591451268643,31.923048313066836,30.151517425578483,Bangladesh DGHS hosted BBS 2020 ADM2 layer,https://gis.dghs.gov.bd/server/rest/services/Hosted/bgd_admbnda_adm2_bbs_20201113/FeatureServer/0,2784599,"BBS Population and Housing Census 2022, National Report Volume I, Table P02",https://objectstorage.ap-dcc-gazipur-1.oraclecloud15.com/n/axvjbnqprylg/b/V2Ministry/o/office-bbs/2024/12/9ce5bd160bb14a1ab1eabe886adddb9a.pdf,PDF pages 199-200 (printed pages 151-152)
Narail,Narail,BD4065,Khulna,Khulna,89.58017588001131,23.130099524025972,polygon_centroid,True,993.8605651091784,17.446834674302853,16.104059861434568,Bangladesh DGHS hosted BBS 2020 ADM2 layer,https://gis.dghs.gov.bd/server/rest/services/Hosted/bgd_admbnda_adm2_bbs_20201113/FeatureServer/0,788671,"BBS Population and Housing Census 2022, National Report Volume I, Table P02",https://objectstorage.ap-dcc-gazipur-1.oraclecloud15.com/n/axvjbnqprylg/b/V2Ministry/o/office-bbs/2024/12/9ce5bd160bb14a1ab1eabe886adddb9a.pdf,PDF pages 199-200 (printed pages 151-152)
Narayanganj,Narayanganj,BD3067,Dhaka,Dhaka,90.57800728885768,23.72321764563793,polygon_centroid,True,705.3015529699624,15.036915025239582,13.566257836297233,Bangladesh DGHS hosted BBS 2020 ADM2 layer,https://gis.dghs.gov.bd/server/rest/services/Hosted/bgd_admbnda_adm2_bbs_20201113/FeatureServer/0,3909138,"BBS Population and Housing Census 2022, National Report Volume I, Table P02",https://objectstorage.ap-dcc-gazipur-1.oraclecloud15.com/n/axvjbnqprylg/b/V2Ministry/o/office-bbs/2024/12/9ce5bd160bb14a1ab1eabe886adddb9a.pdf,PDF pages 199-200 (printed pages 151-152)
Narsingdi,Narsingdi,BD3068,Dhaka,Dhaka,90.77323161781638,24.00229077051571,polygon_centroid,True,1173.17122194916,18.345010018650765,17.496587274193605,Bangladesh DGHS hosted BBS 2020 ADM2 layer,https://gis.dghs.gov.bd/server/rest/services/Hosted/bgd_admbnda_adm2_bbs_20201113/FeatureServer/0,2584452,"BBS Population and Housing Census 2022, National Report Volume I, Table P02",https://objectstorage.ap-dcc-gazipur-1.oraclecloud15.com/n/axvjbnqprylg/b/V2Ministry/o/office-bbs/2024/12/9ce5bd160bb14a1ab1eabe886adddb9a.pdf,PDF pages 199-200 (printed pages 151-152)
Natore,Natore,BD5069,Rajshahi,Rajshahi,89.08685859538626,24.38036728752817,polygon_centroid,True,1918.6962224710733,23.581333429650847,22.375654992901904,Bangladesh DGHS hosted BBS 2020 ADM2 layer,https://gis.dghs.gov.bd/server/rest/services/Hosted/bgd_admbnda_adm2_bbs_20201113/FeatureServer/0,1859922,"BBS Population and Housing Census 2022, National Report Volume I, Table P02",https://objectstorage.ap-dcc-gazipur-1.oraclecloud15.com/n/axvjbnqprylg/b/V2Ministry/o/office-bbs/2024/12/9ce5bd160bb14a1ab1eabe886adddb9a.pdf,PDF pages 199-200 (printed pages 151-152)
Netrakona,Netrakona,BD4572,Mymensingh,Mymensingh,90.84462979207274,24.870760456473434,polygon_centroid,True,2836.3326983693987,30.195754757343675,27.20515675822105,Bangladesh DGHS hosted BBS 2020 ADM2 layer,https://gis.dghs.gov.bd/server/rest/services/Hosted/bgd_admbnda_adm2_bbs_20201113/FeatureServer/0,2324853,"BBS Population and Housing Census 2022, National Report Volume I, Table P02",https://objectstorage.ap-dcc-gazipur-1.oraclecloud15.com/n/axvjbnqprylg/b/V2Ministry/o/office-bbs/2024/12/9ce5bd160bb14a1ab1eabe886adddb9a.pdf,PDF pages 199-200 (printed pages 151-152)
Nilphamari,Nilphamari,BD5573,Rangpur,Rangpur,88.92952310037882,26.02465511229336,polygon_centroid,True,1621.125478912145,21.71442073838263,20.567474267029482,Bangladesh DGHS hosted BBS 2020 ADM2 layer,https://gis.dghs.gov.bd/server/rest/services/Hosted/bgd_admbnda_adm2_bbs_20201113/FeatureServer/0,2092568,"BBS Population and Housing Census 2022, National Report Volume I, Table P02",https://objectstorage.ap-dcc-gazipur-1.oraclecloud15.com/n/axvjbnqprylg/b/V2Ministry/o/office-bbs/2024/12/9ce5bd160bb14a1ab1eabe886adddb9a.pdf,PDF pages 199-200 (printed pages 151-152)
Noakhali,Noakhali,BD2075,Chattogram,Chittagong,91.1246574598647,22.693696873201205,polygon_centroid,True,2665.04804649204,36.81638177549343,26.37091314509303,Bangladesh DGHS hosted BBS 2020 ADM2 layer,https://gis.dghs.gov.bd/server/rest/services/Hosted/bgd_admbnda_adm2_bbs_20201113/FeatureServer/0,3625442,"BBS Population and Housing Census 2022, National Report Volume I, Table P02",https://objectstorage.ap-dcc-gazipur-1.oraclecloud15.com/n/axvjbnqprylg/b/V2Ministry/o/office-bbs/2024/12/9ce5bd160bb14a1ab1eabe886adddb9a.pdf,PDF pages 199-200 (printed pages 151-152)
Pabna,Pabna,BD5076,Rajshahi,Rajshahi,89.38533226405279,24.053171551500466,polygon_centroid,True,2401.335758643225,27.413839296213553,25.032204082086295,Bangladesh DGHS hosted BBS 2020 ADM2 layer,https://gis.dghs.gov.bd/server/rest/services/Hosted/bgd_admbnda_adm2_bbs_20201113/FeatureServer/0,2909624,"BBS Population and Housing Census 2022, National Report Volume I, Table P02",https://objectstorage.ap-dcc-gazipur-1.oraclecloud15.com/n/axvjbnqprylg/b/V2Ministry/o/office-bbs/2024/12/9ce5bd160bb14a1ab1eabe886adddb9a.pdf,PDF pages 199-200 (printed pages 151-152)
Panchagarh,Panchagarh,BD5577,Rangpur,Rangpur,88.57545903384636,26.285129105220673,polygon_centroid,True,1394.685562364757,23.375970754889597,19.07703161413679,Bangladesh DGHS hosted BBS 2020 ADM2 layer,https://gis.dghs.gov.bd/server/rest/services/Hosted/bgd_admbnda_adm2_bbs_20201113/FeatureServer/0,1179843,"BBS Population and Housing Census 2022, National Report Volume I, Table P02",https://objectstorage.ap-dcc-gazipur-1.oraclecloud15.com/n/axvjbnqprylg/b/V2Ministry/o/office-bbs/2024/12/9ce5bd160bb14a1ab1eabe886adddb9a.pdf,PDF pages 199-200 (printed pages 151-152)
Patuakhali,Patuakhali,BD1078,Barishal,Barisal,90.39899789425473,22.190855616455497,polygon_centroid,True,2595.0583536755294,34.56723861297733,26.022331846376446,Bangladesh DGHS hosted BBS 2020 ADM2 layer,https://gis.dghs.gov.bd/server/rest/services/Hosted/bgd_admbnda_adm2_bbs_20201113/FeatureServer/0,1727254,"BBS Population and Housing Census 2022, National Report Volume I, Table P02",https://objectstorage.ap-dcc-gazipur-1.oraclecloud15.com/n/axvjbnqprylg/b/V2Ministry/o/office-bbs/2024/12/9ce5bd160bb14a1ab1eabe886adddb9a.pdf,PDF pages 199-200 (printed pages 151-152)
Pirojpur,Pirojpur,BD1079,Barishal,Barisal,89.9931800472945,22.53379280390796,polygon_centroid,True,1262.034861754626,27.189682407042056,18.147145558537375,Bangladesh DGHS hosted BBS 2020 ADM2 layer,https://gis.dghs.gov.bd/server/rest/services/Hosted/bgd_admbnda_adm2_bbs_20201113/FeatureServer/0,1198195,"BBS Population and Housing Census 2022, National Report Volume I, Table P02",https://objectstorage.ap-dcc-gazipur-1.oraclecloud15.com/n/axvjbnqprylg/b/V2Ministry/o/office-bbs/2024/12/9ce5bd160bb14a1ab1eabe886adddb9a.pdf,PDF pages 199-200 (printed pages 151-152)
Rajbari,Rajbari,BD3082,Dhaka,Dhaka,89.5615266675921,23.727655125432072,polygon_centroid,True,1142.1155580580235,19.35522522364671,17.263453154267562,Bangladesh DGHS hosted BBS 2020 ADM2 layer,https://gis.dghs.gov.bd/server/rest/services/Hosted/bgd_admbnda_adm2_bbs_20201113/FeatureServer/0,1189818,"BBS Population and Housing Census 2022, National Report Volume I, Table P02",https://objectstorage.ap-dcc-gazipur-1.oraclecloud15.com/n/axvjbnqprylg/b/V2Ministry/o/office-bbs/2024/12/9ce5bd160bb14a1ab1eabe886adddb9a.pdf,PDF pages 199-200 (printed pages 151-152)
Rajshahi,Rajshahi,BD5081,Rajshahi,Rajshahi,88.65143988466144,24.465740255963425,polygon_centroid,True,2458.4035881403834,27.177088557960953,25.327903181767866,Bangladesh DGHS hosted BBS 2020 ADM2 layer,https://gis.dghs.gov.bd/server/rest/services/Hosted/bgd_admbnda_adm2_bbs_20201113/FeatureServer/0,2915009,"BBS Population and Housing Census 2022, National Report Volume I, Table P02",https://objectstorage.ap-dcc-gazipur-1.oraclecloud15.com/n/axvjbnqprylg/b/V2Ministry/o/office-bbs/2024/12/9ce5bd160bb14a1ab1eabe886adddb9a.pdf,PDF pages 199-200 (printed pages 151-152)
Rangamati,Rangamati,BD2084,Chattogram,Chittagong,92.27955717836089,22.82997865578069,polygon_centroid,True,5739.729652719572,56.293618231041286,38.70065945466358,Bangladesh DGHS hosted BBS 2020 ADM2 layer,https://gis.dghs.gov.bd/server/rest/services/Hosted/bgd_admbnda_adm2_bbs_20201113/FeatureServer/0,647586,"BBS Population and Housing Census 2022, National Report Volume I, Table P02",https://objectstorage.ap-dcc-gazipur-1.oraclecloud15.com/n/axvjbnqprylg/b/V2Ministry/o/office-bbs/2024/12/9ce5bd160bb14a1ab1eabe886adddb9a.pdf,PDF pages 199-200 (printed pages 151-152)
Rangpur,Rangpur,BD5585,Rangpur,Rangpur,89.23681345297398,25.649758375584824,polygon_centroid,True,2385.625573212281,26.275538080336013,24.950186004595245,Bangladesh DGHS hosted BBS 2020 ADM2 layer,https://gis.dghs.gov.bd/server/rest/services/Hosted/bgd_admbnda_adm2_bbs_20201113/FeatureServer/0,3169614,"BBS Population and Housing Census 2022, National Report Volume I, Table P02",https://objectstorage.ap-dcc-gazipur-1.oraclecloud15.com/n/axvjbnqprylg/b/V2Ministry/o/office-bbs/2024/12/9ce5bd160bb14a1ab1eabe886adddb9a.pdf,PDF pages 199-200 (printed pages 151-152)
Satkhira,Satkhira,BD4087,Khulna,Khulna,89.13669129289265,22.382241376305345,polygon_centroid,True,3365.9866970088333,44.47439044410585,29.636631790218406,Bangladesh DGHS hosted BBS 2020 ADM2 layer,https://gis.dghs.gov.bd/server/rest/services/Hosted/bgd_admbnda_adm2_bbs_20201113/FeatureServer/0,2196582,"BBS Population and Housing Census 2022, National Report Volume I, Table P02",https://objectstorage.ap-dcc-gazipur-1.oraclecloud15.com/n/axvjbnqprylg/b/V2Ministry/o/office-bbs/2024/12/9ce5bd160bb14a1ab1eabe886adddb9a.pdf,PDF pages 199-200 (printed pages 151-152)
Shariatpur,Shariatpur,BD3086,Dhaka,Dhaka,90.40837734289545,23.247365088415958,polygon_centroid,True,1184.9683305881917,18.67680082122059,17.584337821759714,Bangladesh DGHS hosted BBS 2020 ADM2 layer,https://gis.dghs.gov.bd/server/rest/services/Hosted/bgd_admbnda_adm2_bbs_20201113/FeatureServer/0,1294562,"BBS Population and Housing Census 2022, National Report Volume I, Table P02",https://objectstorage.ap-dcc-gazipur-1.oraclecloud15.com/n/axvjbnqprylg/b/V2Ministry/o/office-bbs/2024/12/9ce5bd160bb14a1ab1eabe886adddb9a.pdf,PDF pages 199-200 (printed pages 151-152)
Sherpur,Sherpur,BD4589,Mymensingh,Mymensingh,90.07447787605021,25.082266685632526,polygon_centroid,True,1343.4066382627934,19.475609534006555,18.72304115058289,Bangladesh DGHS hosted BBS 2020 ADM2 layer,https://gis.dghs.gov.bd/server/rest/services/Hosted/bgd_admbnda_adm2_bbs_20201113/FeatureServer/0,1501853,"BBS Population and Housing Census 2022, National Report Volume I, Table P02",https://objectstorage.ap-dcc-gazipur-1.oraclecloud15.com/n/axvjbnqprylg/b/V2Ministry/o/office-bbs/2024/12/9ce5bd160bb14a1ab1eabe886adddb9a.pdf,PDF pages 199-200 (printed pages 151-152)
Sirajganj,Sirajganj,BD5088,Rajshahi,Rajshahi,89.59968044221479,24.39162970328732,polygon_centroid,True,2513.2971486803144,29.19762415771254,25.609114747784428,Bangladesh DGHS hosted BBS 2020 ADM2 layer,https://gis.dghs.gov.bd/server/rest/services/Hosted/bgd_admbnda_adm2_bbs_20201113/FeatureServer/0,3357706,"BBS Population and Housing Census 2022, National Report Volume I, Table P02",https://objectstorage.ap-dcc-gazipur-1.oraclecloud15.com/n/axvjbnqprylg/b/V2Ministry/o/office-bbs/2024/12/9ce5bd160bb14a1ab1eabe886adddb9a.pdf,PDF pages 199-200 (printed pages 151-152)
Sunamganj,Sunamganj,BD6090,Sylhet,Sylhet,91.34604543207215,24.938567398430756,polygon_centroid,True,3737.694262687117,32.37777222356877,31.2301833385535,Bangladesh DGHS hosted BBS 2020 ADM2 layer,https://gis.dghs.gov.bd/server/rest/services/Hosted/bgd_admbnda_adm2_bbs_20201113/FeatureServer/0,2695496,"BBS Population and Housing Census 2022, National Report Volume I, Table P02",https://objectstorage.ap-dcc-gazipur-1.oraclecloud15.com/n/axvjbnqprylg/b/V2Ministry/o/office-bbs/2024/12/9ce5bd160bb14a1ab1eabe886adddb9a.pdf,PDF pages 199-200 (printed pages 151-152)
Sylhet,Sylhet,BD6091,Sylhet,Sylhet,91.98733437309141,24.91921834153913,polygon_centroid,True,3458.211070317775,31.680117045150826,30.03989395302804,Bangladesh DGHS hosted BBS 2020 ADM2 layer,https://gis.dghs.gov.bd/server/rest/services/Hosted/bgd_admbnda_adm2_bbs_20201113/FeatureServer/0,3857123,"BBS Population and Housing Census 2022, National Report Volume I, Table P02",https://objectstorage.ap-dcc-gazipur-1.oraclecloud15.com/n/axvjbnqprylg/b/V2Ministry/o/office-bbs/2024/12/9ce5bd160bb14a1ab1eabe886adddb9a.pdf,PDF pages 199-200 (printed pages 151-152)
Tangail,Tangail,BD3093,Dhaka,Dhaka,89.99860550188767,24.35630355245225,polygon_centroid,True,3391.0879352968186,32.202770520728414,29.746931453535698,Bangladesh DGHS hosted BBS 2020 ADM2 layer,https://gis.dghs.gov.bd/server/rest/services/Hosted/bgd_admbnda_adm2_bbs_20201113/FeatureServer/0,4037608,"BBS Population and Housing Census 2022, National Report Volume I, Table P02",https://objectstorage.ap-dcc-gazipur-1.oraclecloud15.com/n/axvjbnqprylg/b/V2Ministry/o/office-bbs/2024/12/9ce5bd160bb14a1ab1eabe886adddb9a.pdf,PDF pages 199-200 (printed pages 151-152)
Thakurgaon,Thakurgaon,BD5594,Rangpur,Rangpur,88.34556890146888,25.990560117722417,polygon_centroid,True,1851.639489756897,23.162051627723546,21.98117298408881,Bangladesh DGHS hosted BBS 2020 ADM2 layer,https://gis.dghs.gov.bd/server/rest/services/Hosted/bgd_admbnda_adm2_bbs_20201113/FeatureServer/0,1533895,"BBS Population and Housing Census 2022, National Report Volume I, Table P02",https://objectstorage.ap-dcc-gazipur-1.oraclecloud15.com/n/axvjbnqprylg/b/V2Ministry/o/office-bbs/2024/12/9ce5bd160bb14a1ab1eabe886adddb9a.pdf,PDF pages 199-200 (printed pages 151-152)
